Verse,Hadith,Label
والذين هم لفروجهم حافظون,سمعت رسول الله صلى الله عليه وسلم يقول من استطاع منكم الباءة فليتزوج فإنه أغض للبصر وأحصن للفرج ومن لم يستطع منكم فعليه بالصوم فإنه له وجاء,1
وإن تطع أكثر من في الأرض يضلوك عن سبيل الله إن يتبعون إلا الظن وإن هم إلا يخرصون,قال رسول الله صلى الله عليه وسلم نفس المؤمن معلقة بدينه حتى يقضى عنه,0
ذلك هدى الله يهدي به من يشاء من عباده ولو أشركوا لحبط عنهم ما كانوا يعملون,أن رسول الله صلى الله عليه وسلم ركب فرسا فصرع عنه فجحش شقه الأيمن فصلى صلاة من الصلوات وهو قاعد وصلينا وراءه قعودا فلما انصرف قال إنما جعل الإمام ليؤتم به فإذا صلى قائما فصلوا قياما وإذا ركع فاركعوا وإذا رفع فارفعوا وإذا قال سمع الله لمن حمده فقولوا ربنا ولك الحمد وإذا صلى جالسا فصلوا جلوسا أجمعون,0
وأتموا الحج والعمرة لله فإن أحصرتم فما استيسر من الهدي ولا تحلقوا رءوسكم حتى يبلغ الهدي محله فمن كان منكم مريضا أو به أذى من رأسه ففدية من صيام أو صدقة أو نسك فإذا أمنتم فمن تمتع بالعمرة إلى الحج فما استيسر من الهدي فمن لم يجد فصيام ثلاثة أيام في الحج وسبعة إذا رجعتم تلك عشرة كاملة ذلك لمن لم يكن أهله حاضري المسجد الحرام واتقوا الله واعلموا أن الله شديد العقاب,رسول الله صلى الله عليه وسلم فقالت إني امرأة ثقيلة وإني أريد الحج فكيف أهل قال أهلي واشترطي أن محلي حيث حبستني,1
ولن تستطيعوا أن تعدلوا بين النساء ولو حرصتم فلا تميلوا كل الميل فتذروها كالمعلقة وإن تصلحوا وتتقوا فإن الله كان غفورا رحيما,قال سمعت النبي صلى الله عليه وسلم يقول قال الله عز وجل ومن أظلم ممن ذهب يخلق كخلقي فليخلقوا ذرة أو ليخلقوا حبة أو شعيرة,0
وأن هذا صراطي مستقيما فاتبعوه ولا تتبعوا السبل فتفرق بكم عن سبيله ذلكم وصاكم به لعلكم تتقون,عن رجل له ثلاثة مساكن فأوصى بثلث كل مسكن منها قال يجمع ذلك كله في مسكن واحد ثم قال أخبرتني عائشة أن رسول الله صلى الله عليه وسلم قال من عمل عملا ليس عليه أمرنا فهو رد,1
وجاهدوا في الله حق جهاده هو اجتباكم وما جعل عليكم في الدين من حرج ملة أبيكم إبراهيم هو سماكم المسلمين من قبل وفي هذا ليكون الرسول شهيدا عليكم وتكونوا شهداء على الناس فأقيموا الصلاة وآتوا الزكاة واعتصموا بالله هو مولاكم فنعم المولى ونعم النصير,قال رسول الله صلى الله عليه وسلم إن الله تجاوز عن أمتي الخطأ والنسيان وما استكرهوا عليه,0
يا أيها الذين آمنوا إذا قمتم إلى الصلاة فاغسلوا وجوهكم وأيديكم إلى المرافق وامسحوا برءوسكم وأرجلكم إلى الكعبين وإن كنتم جنبا فاطهروا وإن كنتم مرضى أو على سفر أو جاء أحد منكم من الغائط أو لامستم النساء فلم تجدوا ماء فتيمموا صعيدا طيبا فامسحوا بوجوهكم وأيديكم منه ما يريد الله ليجعل عليكم من حرج ولكن يريد ليطهركم وليتم نعمته عليكم لعلكم تشكرون,قال رسول الله صلى الله عليه وسلم لا صلاة لمن لا وضوء له ولا وضوء لمن لم يذكر اسم الله تعالى عليه,1
ويرزقه من حيث لا يحتسب ومن يتوكل على الله فهو حسبه إن الله بالغ أمره قد جعل الله لكل شيء قدرا,النبي صلى الله عليه وسلم يقول ليكونن من أمتي أقوام يستحلون الحر والحرير والخمر والمعازف ولينزلن أقوام إلى جنب علم يروح عليهم بسارحة لهم يأتيهم يعني الفقير لحاجة فيقولوا ارجع إلينا غدا فيبيتهم الله ويضع العلم ويمسخ آخرين قردة وخنازير إلى يوم القيامة,0
يا أيها الناس اعبدوا ربكم الذي خلقكم والذين من قبلكم لعلكم تتقون,قلت يا رسول الله صلى الله عليه وسلم ما حق زوجة أحدنا عليه قال أن تطعمها إذا طعمت وتكسوها إذا اكتسيت أو اكتسبت ولا تضرب الوجه ولا تقبح ولا تهجر إلا في البيت,0
وما أدراك ما ليلة القدر,النبي صلى الله عليه وسلم قال ألحقوا الفرائض بأهلها فما بقي فهو لأولى رجل ذكر,0
يا أيها الذين آمنوا كونوا قوامين لله شهداء بالقسط ولا يجرمنكم شنآن قوم على ألا تعدلوا اعدلوا هو أقرب للتقوى واتقوا الله إن الله خبير بما تعملون,يا رسول الله صلى الله عليه وسلم هل بقي من بر أبوى شىء أبرهما به بعد موتهما قال نعم الصلاة عليهما والاستغفار لهما وإنفاذ عهدهما من بعدهما وصلة الرحم التي لا توصل إلا بهما وإكرام صديقهما,0
وكتبنا عليهم فيها أن النفس بالنفس والعين بالعين والأنف بالأنف والأذن بالأذن والسن بالسن والجروح قصاص فمن تصدق به فهو كفارة له ومن لم يحكم بما أنزل الله فأولئك هم الظالمون,قال رسول الله صلى الله عليه وسلم لا يحل دم امرئ مسلم يشهد أن لا إله إلا الله وأني رسول الله صلى الله عليه وسلم إلا بإحدى ثلاث النفس بالنفس والثيب الزاني والمارق من الدين التارك الجماعة,1
ولا تفسدوا في الأرض بعد إصلاحها وادعوه خوفا وطمعا إن رحمت الله قريب من المحسنين,عن النبي صلى الله عليه وسلم قال ليصيبن أقواما سفع من النار بذنوب أصابوها عقوبة ثم يدخلهم الله الجنة بفضل رحمته يقال لهم الجهنميون,1
يمحق الله الربا ويربي الصدقات والله لا يحب كل كفار أثيم,قال رسول الله صلى الله عليه وسلم زوروا القبور فإنها تذكركم الآخرة,0
ملك الناس,أن رسول الله صلى الله عليه وسلم قال لا يجمع بين المرأة وعمتها ولا بين المرأة وخالتها,0
ومن يقتل مؤمنا متعمدا فجزاؤه جهنم خالدا فيها وغضب الله عليه ولعنه وأعد له عذابا عظيما,قال رجل يا رسول الله صلى الله عليه وسلم أى الذنب أكبر عند الله قال أن تدعو لله ندا وهو خلقك قال ثم أى قال ثم أن تقتل ولدك أن يطعم معك قال ثم أى قال ثم أن تزاني بحليلة جارك فأنزل الله عز وجل تصديقها والذين لا يدعون مع الله إلها آخر ولا يقتلون النفس التي حرم الله إلا بالحق ولا يزنون ومن يفعل ذلك يلق أثاما الآية,1
والذين جاهدوا فينا لنهدينهم سبلنا وإن الله لمع المحسنين,أن رسول الله صلى الله عليه وسلم قال ما من نبي بعثه الله في أمة قبلي إلا كان له من أمته حواريون وأصحاب يأخذون بسنته ويقتدون بأمره ثم إنها تخلف من بعدهم خلوف يقولون ما لا يفعلون ويفعلون ما لا يؤمرون فمن جاهدهم بيده فهو مؤمن ومن جاهدهم بلسانه فهو مؤمن ومن جاهدهم بقلبه فهو مؤمن وليس وراء ذلك من الإيمان حبة خردل,1
والذين لا يدعون مع الله إلها آخر ولا يقتلون النفس التي حرم الله إلا بالحق ولا يزنون ومن يفعل ذلك يلق أثاما,قال رسول الله صلى الله عليه وسلم إذا قرأ الإمام فأنصتوا فإذا كان عند القعدة فليكن أول ذكر أحدكم التشهد,0
ما أفاء الله على رسوله من أهل القرى فلله وللرسول ولذي القربى واليتامى والمساكين وابن السبيل كي لا يكون دولة بين الأغنياء منكم وما آتاكم الرسول فخذوه وما نهاكم عنه فانتهوا واتقوا الله إن الله شديد العقاب,رسول الله صلى الله عليه وسلم يقول ما نهيتكم عنه فاجتنبوه وما أمرتكم به فافعلوا منه ما استطعتم فإنما أهلك الذين من قبلكم كثرة مسائلهم واختلافهم على أنبيائهم,1
فلا وربك لا يؤمنون حتى يحكموك فيما شجر بينهم ثم لا يجدوا في أنفسهم حرجا مما قضيت ويسلموا تسليما,أن رسول الله صلى الله عليه وسلم قال الإيمان بضع وسبعون أفضلها قول لا إله إلا الله وأدناها إماطة العظم عن الطريق والحياء شعبة من الإيمان,0
ومن لم يستطع منكم طولا أن ينكح المحصنات المؤمنات فمن ما ملكت أيمانكم من فتياتكم المؤمنات والله أعلم بإيمانكم بعضكم من بعض فانكحوهن بإذن أهلهن وآتوهن أجورهن بالمعروف محصنات غير مسافحات ولا متخذات أخدان فإذا أحصن فإن أتين بفاحشة فعليهن نصف ما على المحصنات من العذاب ذلك لمن خشي العنت منكم وأن تصبروا خير لكم والله غفور رحيم,أن رسول الله صلى الله عليه وسلم سئل عن الأمة إذا زنت ولم تحصن قال إذا زنت فاجلدوها ثم إن زنت فاجلدوها ثم إن زنت فاجلدوها ثم بيعوها ولو بضفير,1
ولله الأسماء الحسنى فادعوه بها وذروا الذين يلحدون في أسمائه سيجزون ما كانوا يعملون,أن رسول الله صلى الله عليه وسلم سمع رجلا يقول اللهم إني أسألك أني أشهد أنك أنت الله لا إله إلا أنت الأحد الصمد الذي لم يلد ولم يولد ولم يكن له كفوا أحد فقال لقد سألت الله بالاسم الذي إذا سئل به أعطى وإذا دعي به أجاب,1
يا بني آدم خذوا زينتكم عند كل مسجد وكلوا واشربوا ولا تسرفوا إنه لا يحب المسرفين,عن النبي صلى الله عليه وسلم قال لا يدخل الجنة من كان في قلبه مثقال ذرة من كبر قال رجل إن الرجل يحب أن يكون ثوبه حسنا ونعله حسنة قال إن الله جميل يحب الجمال الكبر بطر الحق وغمط الناس,1
يكاد البرق يخطف أبصارهم كلما أضاء لهم مشوا فيه وإذا أظلم عليهم قاموا ولو شاء الله لذهب بسمعهم وأبصارهم إن الله على كل شيء قدير,أن رسول الله صلى الله عليه وسلم كان إذا قفل من غزو أو حج أو عمرة يكبر على كل شرف من الأرض ثلاث تكبيرات ويقول لا إله إلا الله وحده لا شريك له له الملك وله الحمد وهو على كل شىء قدير آيبون تائبون عابدون ساجدون لربنا حامدون صدق الله وعده ونصر عبده وهزم الأحزاب وحده,0
ولو جعلناه قرآنا أعجميا لقالوا لولا فصلت آياته أأعجمي وعربي قل هو للذين آمنوا هدى وشفاء والذين لا يؤمنون في آذانهم وقر وهو عليهم عمى أولئك ينادون من مكان بعيد,أن رسول الله صلى الله عليه وسلم قال أمرت أن أقاتل الناس حتى يشهدوا أن لا إله إلا الله وأن محمدا رسول الله صلى الله عليه وسلم ويقيموا الصلاة ويؤتوا الزكاة فإذا فعلوا ذلك عصموا مني دماءهم وأموالهم إلا بحق الإسلام وحسابهم على الله,0
يا أيها الذين آمنوا إذا نودي للصلاة من يوم الجمعة فاسعوا إلى ذكر الله وذروا البيع ذلكم خير لكم إن كنتم تعلمون,سمع النبي صلى الله عليه وسلم يقول إذا سمعتم المؤذن فقولوا مثل ما يقول ثم صلوا على فإنه من صلى على صلاة صلى الله عليه بها عشرا ثم سلوا الله عز وجل لي الوسيلة فإنها منزلة في الجنة لا تنبغي إلا لعبد من عباد الله تعالى وأرجو أن أكون أنا هو فمن سأل الله لي الوسيلة حلت عليه الشفاعة,1
وأوفوا بعهد الله إذا عاهدتم ولا تنقضوا الأيمان بعد توكيدها وقد جعلتم الله عليكم كفيلا إن الله يعلم ما تفعلون,النبي صلى الله عليه وسلم قال آية المنافق ثلاث إذا حدث كذب وإذا وعد أخلف وإذا اؤتمن خان,1
فسبحان الله حين تمسون وحين تصبحون,صلى بنا رسول الله صلى الله عليه وسلم ذات يوم ثم أقبل علينا فوعظنا موعظة بليغة ذرفت منها العيون ووجلت منها القلوب فقال قائل يا رسول الله صلى الله عليه وسلم كأن هذه موعظة مودع فماذا تعهد إلينا فقال أوصيكم بتقوى الله والسمع والطاعة وإن عبدا حبشيا فإنه من يعش منكم بعدي فسيرى اختلافا كثيرا فعليكم بسنتي وسنة الخلفاء المهديين الراشدين تمسكوا بها وعضوا عليها بالنواجذ وإياكم ومحدثات الأمور فإن كل محدثة بدعة وكل بدعة ضلالة,0
يا أيها الذين آمنوا اجتنبوا كثيرا من الظن إن بعض الظن إثم ولا تجسسوا ولا يغتب بعضكم بعضا أيحب أحدكم أن يأكل لحم أخيه ميتا فكرهتموه واتقوا الله إن الله تواب رحيم,قال رسول الله صلى الله عليه وسلم انهكوا الشوارب وأعفوا اللحى,0
يا أيها الذين آمنوا إنما الخمر والميسر والأنصاب والأزلام رجس من عمل الشيطان فاجتنبوه لعلكم تفلحون,أن رسول الله صلى الله عليه وسلم قال لا سبق إلا في نصل أو خف أو حافر,1
يا أيها الذين آمنوا لا تقربوا الصلاة وأنتم سكارى حتى تعلموا ما تقولون ولا جنبا إلا عابري سبيل حتى تغتسلوا وإن كنتم مرضى أو على سفر أو جاء أحد منكم من الغائط أو لامستم النساء فلم تجدوا ماء فتيمموا صعيدا طيبا فامسحوا بوجوهكم وأيديكم إن الله كان عفوا غفورا,سمعت النبي صلى الله عليه وسلم يقول من حج لله فلم يرفث ولم يفسق رجع كيوم ولدته أمه,0
فإذا انسلخ الأشهر الحرم فاقتلوا المشركين حيث وجدتموهم وخذوهم واحصروهم واقعدوا لهم كل مرصد فإن تابوا وأقاموا الصلاة وآتوا الزكاة فخلوا سبيلهم إن الله غفور رحيم,قال رسول الله صلى الله عليه وسلم من استيقظ من الليل وأيقظ امرأته فصليا ركعتين جميعا كتبا من الذاكرين الله كثيرا والذاكرات,0
فإذا قضيتم الصلاة فاذكروا الله قياما وقعودا وعلى جنوبكم فإذا اطمأننتم فأقيموا الصلاة إن الصلاة كانت على المؤمنين كتابا موقوتا,سمعت رسول الله صلى الله عليه وسلم يقول من لقي الله لا يشرك به شيئا دخل الجنة ومن لقيه يشرك به دخل النار,0
ودخل المدينة على حين غفلة من أهلها فوجد فيها رجلين يقتتلان هذا من شيعته وهذا من عدوه فاستغاثه الذي من شيعته على الذي من عدوه فوكزه موسى فقضى عليه قال هذا من عمل الشيطان إنه عدو مضل مبين,عن النبي صلى الله عليه وسلم قال لا تقولوا ما شاء الله وشاء فلان ولكن قولوا ما شاء الله ثم شاء فلان,0
والوالدات يرضعن أولادهن حولين كاملين لمن أراد أن يتم الرضاعة وعلى المولود له رزقهن وكسوتهن بالمعروف لا تكلف نفس إلا وسعها لا تضار والدة بولدها ولا مولود له بولده وعلى الوارث مثل ذلك فإن أرادا فصالا عن تراض منهما وتشاور فلا جناح عليهما وإن أردتم أن تسترضعوا أولادكم فلا جناح عليكم إذا سلمتم ما آتيتم بالمعروف واتقوا الله واعلموا أن الله بما تعملون بصير,قالت هند يا رسول الله صلى الله عليه وسلم إن أبا سفيان رجل شحيح فهل على جناح أن آخذ من ماله ما يكفيني وبني قال خذي بالمعروف,1
يوم يحمى عليها في نار جهنم فتكوى بها جباههم وجنوبهم وظهورهم هذا ما كنزتم لأنفسكم فذوقوا ما كنتم تكنزون,النبي صلى الله عليه وسلم قال تنكح المرأة لأربع لمالها ولحسبها وجمالها ولدينها فاظفر بذات الدين تربت يداك,0
وقال فرعون ائتوني بكل ساحر عليم,نهاني رسول الله صلى الله عليه وسلم عن قراءة القرآن وأنا راكع أو ساجد,0
يا أيها الذين آمنوا إنما الخمر والميسر والأنصاب والأزلام رجس من عمل الشيطان فاجتنبوه لعلكم تفلحون,أن رسول الله صلى الله عليه وسلم قال من شرب الخمر في الدنيا ثم لم يتب منها حرمها في الآخرة,1
فإذا بلغن أجلهن فأمسكوهن بمعروف أو فارقوهن بمعروف وأشهدوا ذوي عدل منكم وأقيموا الشهادة لله ذلكم يوعظ به من كان يؤمن بالله واليوم الآخر ومن يتق الله يجعل له مخرجا,قال أبو القاسم صوموا لرؤيته وأفطروا لرؤيته فإن غبي عليكم فأكملوا عدة شعبان ثلاثين,0
والمؤمنون والمؤمنات بعضهم أولياء بعض يأمرون بالمعروف وينهون عن المنكر ويقيمون الصلاة ويؤتون الزكاة ويطيعون الله ورسوله أولئك سيرحمهم الله إن الله عزيز حكيم,سمعت رسول الله صلى الله عليه وسلم يقول من رأى منكم منكرا فليغيره بيده فإن لم يستطع فبلسانه فإن لم يستطع فبقلبه وذلك أضعف الإيمان,1
يا أيها الذين آمنوا لا تسألوا عن أشياء إن تبد لكم تسؤكم وإن تسألوا عنها حين ينزل القرآن تبد لكم عفا الله عنها والله غفور حليم,قال خطبنا رسول الله صلى الله عليه وسلم فقال أيها الناس قد فرض الله عليكم الحج فحجوا فقال رجل أكل عام يا رسول الله صلى الله عليه وسلم فسكت حتى قالها ثلاثا فقال رسول الله صلى الله عليه وسلم لو قلت نعم لوجبت ولما استطعتم ثم قال ذروني ما تركتكم فإنما هلك من كان قبلكم بكثرة سؤالهم واختلافهم على أنبيائهم فإذا أمرتكم بشىء فأتوا منه ما استطعتم وإذا نهيتكم عن شىء فدعوه,1
ويسألونك عن المحيض قل هو أذى فاعتزلوا النساء في المحيض ولا تقربوهن حتى يطهرن فإذا تطهرن فأتوهن من حيث أمركم الله إن الله يحب التوابين ويحب المتطهرين,عن النبي صلى الله عليه وسلم في الذي يأتي امرأته وهي حائض قال يتصدق بدينار أو نصف دينار,1
وأنكحوا الأيامى منكم والصالحين من عبادكم وإمائكم إن يكونوا فقراء يغنهم الله من فضله والله واسع عليم,قال رسول الله صلى الله عليه وسلم إذا خطب إليكم من ترضون دينه وخلقه فزوجوه إلا تفعلوا تكن فتنة في الأرض وفساد عريض,1
يا أيها الذين آمنوا أطيعوا الله وأطيعوا الرسول ولا تبطلوا أعمالكم,قال رسول الله صلى الله عليه وسلم إذا أقيمت الصلاة فلا صلاة إلا المكتوبة,1
وإذا رأوا تجارة أو لهوا انفضوا إليها وتركوك قائما قل ما عند الله خير من اللهو ومن التجارة والله خير الرازقين,بينما نحن نصلي مع النبي صلى الله عليه وسلم إذ أقبلت من الشأم عير تحمل طعاما فالتفتوا إليها حتى ما بقي مع النبي صلى الله عليه وسلم إلا اثنا عشر رجلا فنزلت وإذا رأوا تجارة أو لهوا انفضوا إليها,1
ولقد سبقت كلمتنا لعبادنا المرسلين,حدثنا رسول الله صلى الله عليه وسلم وهو الصادق المصدوق إن خلق أحدكم يجمع في بطن أمه أربعين يوما وأربعين ليلة ثم يكون علقة مثله ثم يكون مضغة مثله ثم يبعث إليه الملك فيؤذن بأربع كلمات فيكتب رزقه وأجله وعمله وشقي أم سعيد ثم ينفخ فيه الروح فإن أحدكم ليعمل بعمل أهل الجنة حتى لا يكون بينها وبينه إلا ذراع فيسبق عليه الكتاب فيعمل بعمل أهل النار فيدخل النار وإن أحدكم ليعمل بعمل أهل النار حتى ما يكون بينها وبينه إلا ذراع فيسبق عليه الكتاب فيعمل عمل أهل الجنة فيدخلها,1
والسارق والسارقة فاقطعوا أيديهما جزاء بما كسبا نكالا من الله والله عزيز حكيم,قطع النبي صلى الله عليه وسلم يد سارق في مجن ثمنه ثلاثة دراهم,1
وما كان لمؤمن أن يقتل مؤمنا إلا خطأ ومن قتل مؤمنا خطأ فتحرير رقبة مؤمنة ودية مسلمة إلى أهله إلا أن يصدقوا فإن كان من قوم عدو لكم وهو مؤمن فتحرير رقبة مؤمنة وإن كان من قوم بينكم وبينهم ميثاق فدية مسلمة إلى أهله وتحرير رقبة مؤمنة فمن لم يجد فصيام شهرين متتابعين توبة من الله وكان الله عليما حكيما,أن النبي صلى الله عليه وسلم قال من مات وعليه صيام صام عنه وليه,1
لقد كان لكم في رسول الله أسوة حسنة لمن كان يرجو الله واليوم الآخر وذكر الله كثيرا,جاء ثلاثة رهط إلى بيوت أزواج النبي صلى الله عليه وسلم يسألون عن عبادة النبي صلى الله عليه وسلم فلما أخبروا كأنهم تقالوها فقالوا وأين نحن من النبي صلى الله عليه وسلم قد غفر له ما تقدم من ذنبه وما تأخر قال أحدهم أما أنا فإني أصلي الليل أبدا وقال آخر أنا أصوم الدهر ولا أفطر وقال آخر أنا أعتزل النساء فلا أتزوج أبدا فجاء رسول الله صلى الله عليه وسلم فقال أنتم الذين قلتم كذا وكذا أما والله إني لأخشاكم لله وأتقاكم له لكني أصوم وأفطر وأصلي وأرقد وأتزوج النساء فمن رغب عن سنتي فليس مني,1
وأذن في الناس بالحج يأتوك رجالا وعلى  كل ضامر يأتين من كل فج عميق,رأيت رسول الله صلى الله عليه وسلم يركب راحلته بذي الحليفة ثم يهل حتى تستوي به قائمة,1
ما يلفظ من قول إلا لديه رقيب عتيد,أن رسول الله صلى الله عليه وسلم قال من قال لا إله إلا الله وحده لا شريك له له الملك وله الحمد وهو على كل شىء قدير في يوم مائة مرة كانت له عدل عشر رقاب وكتبت له مائة حسنة ومحيت عنه مائة سيئة وكانت له حرزا من الشيطان يومه ذلك حتى يمسي ولم يأت أحد بأفضل مما جاء به إلا أحد عمل أكثر من ذلك,0
يا أهل الكتاب لا تغلوا في دينكم ولا تقولوا على الله إلا الحق   إنما المسيح عيسى ابن مريم رسول الله وكلمته ألقاها إلى  مريم وروح منه   فآمنوا بالله ورسله   ولا تقولوا ثلاثة   انتهوا خيرا لكم   إنما الله إل ه واحد   سبحانه أن يكون له ولد   له ما في السماوات وما في الأرض   وكفى  بالله وكيلا,النبي صلى الله عليه وسلم قال من شهد أن لا إله إلا الله وحده لا شريك له وأن محمدا عبده ورسوله وأن عيسى عبد الله ورسوله وكلمته ألقاها إلى مريم وروح منه والجنة حق والنار حق أدخله الله الجنة على ما كان من العمل,1
يا أيها الذين آمنوا إذا تداينتم بدين إلى أجل مسمى فاكتبوه وليكتب بينكم كاتب بالعدل ولا يأب كاتب أن يكتب كما علمه الله فليكتب وليملل الذي عليه الحق وليتق الله ربه ولا يبخس منه شيئا فإن كان الذي عليه الحق سفيها أو ضعيفا أو لا يستطيع أن يمل هو فليملل وليه بالعدل واستشهدوا شهيدين من رجالكم فإن لم يكونا رجلين فرجل وامرأتان ممن ترضون من الشهداء أن تضل إحداهما فتذكر إحداهما الأخرى ولا يأب الشهداء إذا ما دعوا ولا تسأموا أن تكتبوه صغيرا أو كبيرا إلى أجله ذلكم أقسط عند الله وأقوم للشهادة وأدنى ألا ترتابوا إلا أن تكون تجارة حاضرة تديرونها بينكم فليس عليكم جناح ألا تكتبوها وأشهدوا إذا تبايعتم ولا يضار كاتب ولا شهيد وإن تفعلوا فإنه فسوق بكم واتقوا الله ويعلمكم الله والله بكل شيء عليم,قال قدم رسول الله صلى الله عليه وسلم وهم يسلفون في التمر السنة والسنتين والثلاثة فقال رسول الله صلى الله عليه وسلم من أسلف في تمر فليسلف في كيل معلوم ووزن معلوم إلى أجل معلوم,1
وأما من خاف مقام ربه ونهى النفس عن الهوى,سمعت رسول الله صلى الله عليه وسلم يقول اقرءوا القرآن فإنه يأتي يوم القيامة شفيعا لأصحابه اقرءوا الزهراوين البقرة وسورة آل عمران فإنهما تأتيان يوم القيامة كأنهما غمامتان أو كأنهما غيايتان أو كأنهما فرقان من طير صواف تحاجان عن أصحابهما اقرءوا سورة البقرة فإن أخذها بركة وتركها حسرة ولا تستطيعها البطلة قال معاوية بلغني أن البطلة السحرة,0
يا أيها الذين آمنوا لا تقربوا الصلاة وأنتم سكارى حتى تعلموا ما تقولون ولا جنبا إلا عابري سبيل حتى تغتسلوا وإن كنتم مرضى أو على سفر أو جاء أحد منكم من الغائط أو لامستم النساء فلم تجدوا ماء فتيمموا صعيدا طيبا فامسحوا بوجوهكم وأيديكم إن الله كان عفوا غفورا,قال رسول الله صلى الله عليه وسلم لا تقبل صلاة أحدكم إذا أحدث حتى يتوضأ,1
والذين تبوءوا الدار والإيمان من قبلهم يحبون من هاجر إليهم ولا يجدون في صدورهم حاجة مما أوتوا ويؤثرون على أنفسهم ولو كان بهم خصاصة ومن يوق شح نفسه فأولئك هم المفلحون,قيل يا رسول الله صلى الله عليه وسلم ما الغيبة قال ذكرك أخاك بما يكره قيل أفرأيت إن كان في أخي ما أقول قال إن كان فيه ما تقول فقد اغتبته وإن لم يكن فيه ما تقول فقد بهته,0
وما يستوي الأحياء ولا الأموات إن الله يسمع من يشاء وما أنت بمسمع من في القبور,عن النبي صلى الله عليه وسلم قال من قال حين يأوي إلى فراشه أستغفر الله العظيم الذي لا إله إلا هو الحى القيوم وأتوب إليه ثلاث مرات غفر الله ذنوبه وإن كانت مثل زبد البحر وإن كانت عدد ورق الشجر وإن كانت عدد رمل عالج وإن كانت عدد أيام الدنيا,0
لا يكلف الله نفسا إلا وسعها لها ما كسبت وعليها ما اكتسبت ربنا لا تؤاخذنا إن نسينا أو أخطأنا ربنا ولا تحمل علينا إصرا كما حملته على الذين من قبلنا ربنا ولا تحملنا ما لا طاقة لنا به واعف عنا واغفر لنا وارحمنا أنت مولانا فانصرنا على القوم الكافرين,قال رسول الله صلى الله عليه وسلم من نذر أن يطيع الله فليطعه ومن نذر أن يعصي الله فلا يعصه,1
من أجل ذلك كتبنا على بني إسرائيل أنه من قتل نفسا بغير نفس أو فساد في الأرض فكأنما قتل الناس جميعا ومن أحياها فكأنما أحيا الناس جميعا ولقد جاءتهم رسلنا بالبينات ثم إن كثيرا منهم بعد ذلك في الأرض لمسرفون,النبي صلى الله عليه وسلم قال لا ترجعوا بعدي كفارا يضرب بعضكم رقاب بعض,1
وإن جندنا لهم الغالبون,سمعت رسول الله صلى الله عليه وسلم يقول من سلك طريقا يلتمس فيه علما سهل الله له طريقا إلى الجنة وإن الملائكة لتضع أجنحتها رضا لطالب العلم وإن طالب العلم يستغفر له من في السماء والأرض حتى الحيتان في الماء وإن فضل العالم على العابد كفضل القمر على سائر الكواكب إن العلماء هم ورثة الأنبياء إن الأنبياء لم يورثوا دينارا ولا درهما إنما ورثوا العلم فمن أخذه أخذ بحظ وافر,0
ولقد أرسلنا من قبلك رسلا إلى قومهم فجاءوهم بالبينات فانتقمنا من الذين أجرموا وكان حقا علينا نصر المؤمنين,قال النبي صلى الله عليه وسلم لا يزني الزاني حين يزني وهو مؤمن ولا يشرب الخمر حين يشرب وهو مؤمن ولا يسرق حين يسرق وهو مؤمن ولا ينتهب نهبة يرفع الناس إليه فيها أبصارهم حين ينتهبها وهو مؤمن,0
وإن عاقبتم فعاقبوا بمثل ما عوقبتم به ولئن صبرتم لهو خير للصابرين,أن رسول الله صلى الله عليه وسلم قال من أحدث في أمرنا هذا ما ليس منه فهو رد,0
ومن أحسن دينا ممن أسلم وجهه لله وهو محسن واتبع ملة إبراهيم حنيفا واتخذ الله إبراهيم خليلا,أن النبي صلى الله عليه وسلم لما رأى الصور في البيت لم يدخل حتى أمر بها فمحيت ورأى إبراهيم وإسماعيل عليهما السلام بأيديهما الأزلام فقال قاتلهم الله والله إن استقسما بالأزلام قط,1
ومن أضل ممن يدعو من دون الله من لا يستجيب له إلى يوم القيامة وهم عن دعائهم غافلون,سمع النبي صلى الله عليه وسلم يقول إذا سمعتم المؤذن فقولوا مثل ما يقول ثم صلوا على فإنه من صلى على صلاة صلى الله عليه بها عشرا ثم سلوا الله لي الوسيلة فإنها منزلة في الجنة لا تنبغي إلا لعبد من عباد الله وأرجو أن أكون أنا هو فمن سأل لي الوسيلة حلت له الشفاعة,0
للفقراء الذين أحصروا في سبيل الله لا يستطيعون ضربا في الأرض يحسبهم الجاهل أغنياء من التعفف تعرفهم بسيماهم لا يسألون الناس إلحافا وما تنفقوا من خير فإن الله به عليم,النبي صلى الله عليه وسلم قال ليس المسكين الذي ترده الأكلة والأكلتان ولكن المسكين الذي ليس له غنى ويستحيي أو لا يسأل الناس إلحافا,1
ووصينا الإنسان بوالديه حسنا وإن جاهداك لتشرك بي ما ليس لك به علم فلا تطعهما إلي مرجعكم فأنبئكم بما كنتم تعملون,سألت النبي صلى الله عليه وسلم أى العمل أحب إلى الله قال الصلاة على وقتها قال ثم أى قال ثم بر الوالدين قال ثم أى قال الجهاد في سبيل الله قال حدثني بهن ولو استزدته لزادني,1
من كان يريد ثواب الدنيا فعند الله ثواب الدنيا والآخرة وكان الله سميعا بصيرا,كنا مع النبي صلى الله عليه وسلم في سفر فكنا إذا علونا كبرنا فقال اربعوا على أنفسكم فإنكم لا تدعون أصم ولا غائبا تدعون سميعا بصيرا قريبا,1
فريقا هدى وفريقا حق عليهم الضلالة إنهم اتخذوا الشياطين أولياء من دون الله ويحسبون أنهم مهتدون,قال رسول الله صلى الله عليه وسلم من حج هذا البيت فلم يرفث ولم يفسق رجع كما ولدته أمه,0
فخلف من بعدهم خلف أضاعوا الصلاة واتبعوا الشهوات فسوف يلقون غيا,قال رسول الله صلى الله عليه وسلم إن الدين النصيحة إن الدين النصيحة إن الدين النصيحة قالوا لمن يا رسول الله صلى الله عليه وسلم قال لله وكتابه ورسوله وأئمة المؤمنين وعامتهم وأئمة المسلمين وعامتهم,0
وأن المساجد لله فلا تدعوا مع الله أحدا,قال رسول الله صلى الله عليه وسلم إن الله يقول يوم القيامة أين المتحابون بجلالي اليوم أظلهم في ظلي يوم لا ظل إلا ظلي,0
وإن طلقتموهن من قبل أن تمسوهن وقد فرضتم لهن فريضة فنصف ما فرضتم إلا أن يعفون أو يعفو الذي بيده عقدة النكاح وأن تعفوا أقرب للتقوى ولا تنسوا الفضل بينكم إن الله بما تعملون بصير,عن رسول الله صلى الله عليه وسلم قال ما نقصت صدقة من مال وما زاد الله عبدا بعفو إلا عزا وما تواضع أحد لله إلا رفعه الله,1
قل لا يعلم من في السماوات والأرض الغيب إلا الله وما يشعرون أيان يبعثون,رأيت رسول الله صلى الله عليه وسلم مر بجنبات رجل عنده طعام في وعاء فأدخل يده فيه فقال لعلك غششته من غشنا فليس منا,0
وإنا لجاعلون ما عليها صعيدا جرزا,أن رسول الله صلى الله عليه وسلم قال من قال لا إله إلا الله وحده لا شريك له له الملك وله الحمد وهو على كل شىء قدير في يوم مائة مرة كانت له عدل عشر رقاب وكتبت له مائة حسنة ومحيت عنه مائة سيئة وكانت له حرزا من الشيطان يومه ذلك حتى يمسي ولم يأت أحد بأفضل مما جاء به إلا أحد عمل أكثر من ذلك,0
لا إكراه في الدين قد تبين الرشد من الغي فمن يكفر بالطاغوت ويؤمن بالله فقد استمسك بالعروة الوثقى لا انفصام لها والله سميع عليم,سمعت رسول الله صلى الله عليه وسلم يقول من قال لا إله إلا الله وكفر بما يعبد من دون الله حرم ماله ودمه وحسابه على الله,1
ما كان على النبي من حرج فيما فرض الله له سنة الله في الذين خلوا من قبل وكان أمر الله قدرا مقدورا,كنت عند النبي صلى الله عليه وسلم إذ جاءه رسول إحدى بناته أن ابنها يجود بنفسه فبعث إليها لله ما أخذ ولله ما أعطى كل بأجل فلتصبر ولتحتسب,1
وإني لغفار لمن تاب وآمن وعمل صالحا ثم اهتدى,قال رسول الله صلى الله عليه وسلم التائب من الذنب كمن لا ذنب له,1
هو الله الذي لا إله إلا هو الملك القدوس السلام المؤمن المهيمن العزيز الجبار المتكبر سبحان الله عما يشركون,كنا نصلي خلف النبي صلى الله عليه وسلم فنقول السلام على الله فقال النبي صلى الله عليه وسلم إن الله هو السلام ولكن قولوا التحيات لله والصلوات والطيبات السلام عليك أيها النبي صلى الله عليه وسلم ورحمة الله وبركاته السلام علينا وعلى عباد الله الصالحين أشهد أن لا إله إلا الله وأشهد أن محمدا عبده ورسوله,1
ويعبدون من دون الله ما لا يضرهم ولا ينفعهم ويقولون هؤلاء شفعاؤنا عند الله قل أتنبئون الله بما لا يعلم في السماوات ولا في الأرض سبحانه وتعالى عما يشركون,إن الله ورسوله حرم بيع الخمر والميتة والخنزير والأصنام فقيل يا رسول الله صلى الله عليه وسلم أرأيت شحوم الميتة فإنها يطلى بها السفن ويدهن بها الجلود ويستصبح بها الناس فقال لا هو حرام ثم قال رسول الله صلى الله عليه وسلم عند ذلك قاتل الله اليهود إن الله لما حرم شحومها جملوه ثم باعوه فأكلوا ثمنه,0
وما أرسلنا من رسول إلا ليطاع بإذن الله ولو أنهم إذ ظلموا أنفسهم جاءوك فاستغفروا الله واستغفر لهم الرسول لوجدوا الله توابا رحيما,قال رسول الله صلى الله عليه وسلم إن أشد الناس عذابا يوم القيامة المصورون,0
قال إن كنت جئت بآية فأت بها إن كنت من الصادقين,عن النبي صلى الله عليه وسلم قال من قرأ كل يوم مائتى مرة قل هو الله أحد محي عنه ذنوب خمسين سنة إلا أن يكون عليه دين,0
وآتوا النساء صدقاتهن نحلة فإن طبن لكم عن شيء منه نفسا فكلوه هنيئا مريئا,يا رسول الله صلى الله عليه وسلم إن أبي شيخ كبير لا يستطيع الحج ولا العمرة ولا الظعن قال احجج عن أبيك واعتمر,0
ولقد زينا السماء الدنيا بمصابيح وجعلناها رجوما للشياطين وأعتدنا لهم عذاب السعير,أتى النبي صلى الله عليه وسلم رجل أعمى فقال يا رسول الله صلى الله عليه وسلم إنه ليس لي قائد يقودني إلى المسجد فسأل رسول الله صلى الله عليه وسلم أن يرخص له فيصلي في بيته فرخص له فلما ولى دعاه فقال هل تسمع النداء بالصلاة فقال نعم قال فأجب,0
ويعلمه الكتاب والحكمة والتوراة والإنجيل,قال رسول الله صلى الله عليه وسلم خمس من جاء بهن مع إيمان دخل الجنة من حافظ على الصلوات الخمس على وضوئهن وركوعهن وسجودهن ومواقيتهن وصام رمضان وحج البيت إن استطاع إليه سبيلا وأعطى الزكاة طيبة بها نفسه وأدى الأمانة قالوا يا أبا الدرداء وما أداء الأمانة قال الغسل من الجنابة,0
لا يؤاخذكم الله باللغو في أيمانكم ول كن يؤاخذكم بما عقدتم الأيمان   فكفارته إطعام عشرة مساكين من أوسط ما تطعمون أهليكم أو كسوتهم أو تحرير رقبة   فمن لم يجد فصيام ثلاثة أيام   ذ لك كفارة أيمانكم إذا حلفتم   واحفظوا أيمانكم   كذ لك يبين الله لكم آياته لعلكم تشكرون,أن أبا بكر رضى الله عنه لم يكن يحنث في يمين قط حتى أنزل الله كفارة اليمين وقال لا أحلف على يمين فرأيت غيرها خيرا منها إلا أتيت الذي هو خير وكفرت عن يميني,1
يا أهل الكتاب قد جاءكم رسولنا يبين لكم كثيرا مما كنتم تخفون من الكتاب ويعفو عن كثير قد جاءكم من الله نور وكتاب مبين,قال رسول الله صلى الله عليه وسلم بين كل أذانين صلاة بين كل أذانين صلاة لمن شاء,0
يا أيها الذين آمنوا إن كثيرا من الأحبار والرهبان ليأكلون أموال الناس بالباطل ويصدون عن سبيل الله والذين يكنزون الذهب والفضة ولا ينفقونها في سبيل الله فبشرهم بعذاب أليم,سمعت النبي صلى الله عليه وسلم يقول من يرد الله به خيرا يفقهه في الدين وإنما أنا قاسم والله يعطي ولن تزال هذه الأمة قائمة على أمر الله لا يضرهم من خالفهم حتى يأتي أمر الله,0
قل من حرم زينة الله التي أخرج لعباده والطيبات من الرزق قل هي للذين آمنوا في الحياة الدنيا خالصة يوم القيامة كذلك نفصل الآيات لقوم يعلمون,أن رسول الله صلى الله عليه وسلم قال لا ينظر الله إلى من جر ثوبه خيلاء,1
وإلى ثمود أخاهم صالحا قال يا قوم اعبدوا الله ما لكم من إله غيره قد جاءتكم بينة من ربكم هذه ناقة الله لكم آية فذروها تأكل في أرض الله ولا تمسوها بسوء فيأخذكم عذاب أليم,أن النبي صلى الله عليه وسلم لما مر بالحجر قال لا تدخلوا مساكن الذين ظلموا إلا أن تكونوا باكين أن يصيبكم ما أصابهم ثم تقنع بردائه وهو على الرحل,1
والذين هم على صلواتهم يحافظون,كنا مع النبي صلى الله عليه وسلم شبابا لا نجد شيئا فقال لنا رسول الله صلى الله عليه وسلم يا معشر الشباب من استطاع الباءة فليتزوج فإنه أغض للبصر وأحصن للفرج ومن لم يستطع فعليه بالصوم فإنه له وجاء,0
ولله الأسماء الحسنى فادعوه بها وذروا الذين يلحدون في أسمائه سيجزون ما كانوا يعملون,أن رسول الله صلى الله عليه وسلم قال من أحب أن يبسط له في رزقه وينسأ له في أثره فليصل رحمه,0
يا أيها الذين آمنوا أنفقوا من طيبات ما كسبتم ومما أخرجنا لكم من الأرض ولا تيمموا الخبيث منه تنفقون ولستم بآخذيه إلا أن تغمضوا فيه واعلموا أن الله غني حميد,النبي صلى الله عليه وسلم قال إذا أنفقت المرأة من كسب زوجها عن غير أمره فله نصف أجره,1
يا أيها الذين آمنوا أنفقوا من طيبات ما كسبتم ومما أخرجنا لكم من الأرض ولا تيمموا الخبيث منه تنفقون ولستم بآخذيه إلا أن تغمضوا فيه واعلموا أن الله غني حميد,قال النبي صلى الله عليه وسلم إذا أنفقت المرأة من طعام بيتها غير مفسدة كان لها أجرها بما أنفقت ولزوجها بما كسب وللخازن مثل ذلك لا ينقص بعضهم أجر بعض شيئا,1
ولقد سبقت كلمتنا لعبادنا المرسلين,أن رسول الله صلى الله عليه وسلم قال لما قضى الله الخلق كتب عنده فوق عرشه إن رحمتي سبقت غضبي,1
وأما بنعمة ربك فحدث,قال رسول الله صلى الله عليه وسلم أنا سيد ولد آدم ولا فخر وأنا أول من تنشق الأرض عنه يوم القيامة ولا فخر وأنا أول شافع وأول مشفع ولا فخر ولواء الحمد بيدي يوم القيامة ولا فخر,1
وهو الذي جعل لكم النجوم لتهتدوا بها في ظلمات البر والبحر قد فصلنا الآيات لقوم يعلمون,قال النبي صلى الله عليه وسلم لا تسافر المرأة إلا مع ذي محرم ولا يدخل عليها رجل إلا ومعها محرم فقال رجل يا رسول الله صلى الله عليه وسلم إني أريد أن أخرج في جيش كذا وكذا وامرأتي تريد الحج فقال اخرج معها,0
يا أيها الذين آمنوا لا تحلوا شعائر الله ولا الشهر الحرام ولا الهدي ولا القلائد ولا آمين البيت الحرام يبتغون فضلا من ربهم ورضوانا وإذا حللتم فاصطادوا ولا يجرمنكم شنآن قوم أن صدوكم عن المسجد الحرام أن تعتدوا وتعاونوا على البر والتقوى ولا تعاونوا على الإثم والعدوان واتقوا الله إن الله شديد العقاب,عن النبي صلى الله عليه وسلم قال من نفس عن مسلم كربة من كرب الدنيا نفس الله عنه كربة من كرب يوم القيامة ومن يسر على معسر يسر الله عليه في الدنيا والآخرة ومن ستر على مسلم ستر الله عليه في الدنيا والآخرة والله في عون العبد ما كان العبد في عون أخيه,1
واتبعوا ما تتلو الشياطين على ملك سليمان وما كفر سليمان ولكن الشياطين كفروا يعلمون الناس السحر وما أنزل على الملكين ببابل هاروت وماروت وما يعلمان من أحد حتى يقولا إنما نحن فتنة فلا تكفر فيتعلمون منهما ما يفرقون به بين المرء وزوجه وما هم بضارين به من أحد إلا بإذن الله ويتعلمون ما يضرهم ولا ينفعهم ولقد علموا لمن اشتراه ما له في الآخرة من خلاق ولبئس ما شروا به أنفسهم لو كانوا يعلمون,قال رسول الله صلى الله عليه وسلم حد الساحر ضربة بالسيف,1
قل إن كنتم تحبون الله فاتبعوني يحببكم الله ويغفر لكم ذنوبكم والله غفور رحيم,النبي صلى الله عليه وسلم قال ثلاث من كن فيه وجد حلاوة الإيمان أن يكون الله ورسوله أحب إليه مما سواهما وأن يحب المرء لا يحبه إلا لله وأن يكره أن يعود في الكفر كما يكره أن يقذف في النار,1
لا تدركه الأبصار وهو يدرك الأبصار وهو اللطيف الخبير,قال رسول الله صلى الله عليه وسلم ليس منا من شق الجيوب وضرب الخدود ودعا بدعوى الجاهلية,0
والذين آمنوا بالله ورسله ولم يفرقوا بين أحد منهم أولئك سوف يؤتيهم أجورهم وكان الله غفورا رحيما,كنا مع رسول الله صلى الله عليه وسلم جلوسا فنظر إلى القمر ليلة البدر ليلة أربع عشرة فقال إنكم سترون ربكم كما ترون هذا لا تضامون في رؤيته فإن استطعتم أن لا تغلبوا على صلاة قبل طلوع الشمس وقبل غروبها فافعلوا ثم قرأ هذه الآية فسبح بحمد ربك قبل طلوع الشمس وقبل غروبها,0
قالوا يا موسى إما أن تلقي وإما أن نكون أول من ألقى,النبي صلى الله عليه وسلم قال المؤمن للمؤمن كالبنيان يشد بعضه بعضا وشبك بين أصابعه,0
وكذلك جعلنا لكل نبي عدوا شياطين الإنس والجن يوحي بعضهم إلى بعض زخرف القول غرورا ولو شاء ربك ما فعلوه فذرهم وما يفترون,النبي صلى الله عليه وسلم من صام رمضان إيمانا واحتسابا غفر له ما تقدم من ذنبه ومن قام ليلة القدر إيمانا واحتسابا غفر له ما تقدم من ذنبه,0
سماعون للكذب أكالون للسحت فإن جاءوك فاحكم بينهم أو أعرض عنهم وإن تعرض عنهم فلن يضروك شيئا وإن حكمت فاحكم بينهم بالقسط إن الله يحب المقسطين,قال رسول الله صلى الله عليه وسلم إن الدين النصيحة إن الدين النصيحة إن الدين النصيحة قالوا لمن يا رسول الله صلى الله عليه وسلم قال لله وكتابه ورسوله وأئمة المؤمنين وعامتهم وأئمة المسلمين وعامتهم,0
يا أيها الذين آمنوا إنما الخمر والميسر والأنصاب والأزلام رجس من عمل الشيطان فاجتنبوه لعلكم تفلحون,إن النبي صلى الله عليه وسلم قال لا يزني الزاني حين يزني وهو مؤمن ولا يشرب الخمر حين يشربها وهو مؤمن ولا يسرق السارق حين يسرق وهو مؤمن,1
وأتموا الحج والعمرة لله فإن أحصرتم فما استيسر من الهدي ولا تحلقوا رءوسكم حتى يبلغ الهدي محله فمن كان منكم مريضا أو به أذى من رأسه ففدية من صيام أو صدقة أو نسك فإذا أمنتم فمن تمتع بالعمرة إلى الحج فما استيسر من الهدي فمن لم يجد فصيام ثلاثة أيام في الحج وسبعة إذا رجعتم تلك عشرة كاملة ذلك لمن لم يكن أهله حاضري المسجد الحرام واتقوا الله واعلموا أن الله شديد العقاب,رسول الله صلى الله عليه وسلم أنه قال لعلك آذاك هوامك قال نعم يا رسول الله صلى الله عليه وسلم فقال رسول الله صلى الله عليه وسلم احلق رأسك وصم ثلاثة أيام أو أطعم ستة مساكين أو انسك بشاة,1
واتبعوا ما تتلو الشياطين على ملك سليمان وما كفر سليمان ولكن الشياطين كفروا يعلمون الناس السحر وما أنزل على الملكين ببابل هاروت وماروت وما يعلمان من أحد حتى يقولا إنما نحن فتنة فلا تكفر فيتعلمون منهما ما يفرقون به بين المرء وزوجه وما هم بضارين به من أحد إلا بإذن الله ويتعلمون ما يضرهم ولا ينفعهم ولقد علموا لمن اشتراه ما له في الآخرة من خلاق ولبئس ما شروا به أنفسهم لو كانوا يعلمون,قال رسول الله صلى الله عليه وسلم ما منكم من أحد إلا وقد وكل به قرينه من الجن قالوا وإياك يا رسول الله صلى الله عليه وسلم قال وإياى إلا أن الله أعانني عليه فأسلم فلا يأمرني إلا بخير,1
وما أرسلنا من قبلك إلا رجالا نوحي إليهم فاسألوا أهل الذكر إن كنتم لا تعلمون,سمعت رسول الله صلى الله عليه وسلم يقول من سلك طريقا يلتمس فيه علما سهل الله له طريقا إلى الجنة وإن الملائكة لتضع أجنحتها رضا لطالب العلم وإن طالب العلم يستغفر له من في السماء والأرض حتى الحيتان في الماء وإن فضل العالم على العابد كفضل القمر على سائر الكواكب إن العلماء هم ورثة الأنبياء إن الأنبياء لم يورثوا دينارا ولا درهما إنما ورثوا العلم فمن أخذه أخذ بحظ وافر,1
يا أيها النبي قل لأزواجك وبناتك ونساء المؤمنين يدنين عليهن من جلابيبهن ذلك أدنى أن يعرفن فلا يؤذين وكان الله غفورا رحيما,سمعت النبي صلى الله عليه وسلم يقول لا تطروني كما أطرت النصارى ابن مريم فإنما أنا عبده فقولوا عبد الله ورسوله,0
وإذا سألك عبادي عني فإني قريب أجيب دعوة الداع إذا دعان فليستجيبوا لي وليؤمنوا بي لعلهم يرشدون,أن رسول الله صلى الله عليه وسلم قال من قال لا إله إلا الله وحده لا شريك له له الملك وله الحمد وهو على كل شىء قدير في يوم مائة مرة كانت له عدل عشر رقاب وكتبت له مائة حسنة ومحيت عنه مائة سيئة وكانت له حرزا من الشيطان يومه ذلك حتى يمسي ولم يأت أحد بأفضل مما جاء به إلا أحد عمل أكثر من ذلك,0
واتبعوا ما تتلو الشياطين على ملك سليمان وما كفر سليمان ولكن الشياطين كفروا يعلمون الناس السحر وما أنزل على الملكين ببابل هاروت وماروت وما يعلمان من أحد حتى يقولا إنما نحن فتنة فلا تكفر فيتعلمون منهما ما يفرقون به بين المرء وزوجه وما هم بضارين به من أحد إلا بإذن الله ويتعلمون ما يضرهم ولا ينفعهم ولقد علموا لمن اشتراه ما له في الآخرة من خلاق ولبئس ما شروا به أنفسهم لو كانوا يعلمون,قال رسول الله صلى الله عليه وسلم من اقتبس علما من النجوم اقتبس شعبة من السحر زاد ما زاد,1
واصبر نفسك مع الذين يدعون ربهم بالغداة والعشي يريدون وجهه ولا تعد عيناك عنهم تريد زينة الحياة الدنيا ولا تطع من أغفلنا قلبه عن ذكرنا واتبع هواه وكان أمره فرطا,قال رسول الله صلى الله عليه وسلم التائب من الذنب كمن لا ذنب له,0
قولوا آمنا بالله وما أنزل إلينا وما أنزل إلى إبراهيم وإسماعيل وإسحاق ويعقوب والأسباط وما أوتي موسى وعيسى وما أوتي النبيون من ربهم لا نفرق بين أحد منهم ونحن له مسلمون,قال رسول الله صلى الله عليه وسلم من لزم الاستغفار جعل الله له من كل ضيق مخرجا ومن كل هم فرجا ورزقه من حيث لا يحتسب,0
قل إنما أنا بشر مثلكم يوحى إلي أنما إلهكم إله واحد فمن كان يرجو لقاء ربه فليعمل عملا صالحا ولا يشرك بعبادة ربه أحدا,قال رسول الله صلى الله عليه وسلم لا تحد امرأة على ميت فوق ثلاث إلا على زوج فإنها تحد عليه أربعة أشهر وعشرا ولا تلبس ثوبا مصبوغا ولا ثوب عصب ولا تكتحل ولا تمتشط ولا تمس طيبا إلا عند طهرها حين تطهر نبذا من قسط وأظفار,0
يوصيكم الله في أولادكم للذكر مثل حظ الأنثيين فإن كن نساء فوق اثنتين فلهن ثلثا ما ترك وإن كانت واحدة فلها النصف ولأبويه لكل واحد منهما السدس مما ترك إن كان له ولد فإن لم يكن له ولد وورثه أبواه فلأمه الثلث فإن كان له إخوة فلأمه السدس من بعد وصية يوصي بها أو دين آباؤكم وأبناؤكم لا تدرون أيهم أقرب لكم نفعا فريضة من الله إن الله كان عليما حكيما,وهو على المنبر يقول أعطاني أبي عطية فقالت عمرة بنت رواحة لا أرضى حتى تشهد رسول الله صلى الله عليه وسلم فأتى رسول الله صلى الله عليه وسلم فقال إني أعطيت ابني من عمرة بنت رواحة عطية فأمرتني أن أشهدك يا رسول الله صلى الله عليه وسلم قال أعطيت سائر ولدك مثل هذا قال لا قال فاتقوا الله واعدلوا بين أولادكم قال فرجع فرد عطيته,1
يا أيها الذين آمنوا لا تخونوا الله والرسول وتخونوا أماناتكم وأنتم تعلمون,قال رسول الله صلى الله عليه وسلم صنفان من أهل النار لم أرهما قوم معهم سياط كأذناب البقر يضربون بها الناس ونساء كاسيات عاريات مميلات مائلات رءوسهن كأسنمة البخت المائلة لا يدخلن الجنة ولا يجدن ريحها وإن ريحها ليوجد من مسيرة كذا وكذا,0
وقل الحق من ربكم فمن شاء فليؤمن ومن شاء فليكفر إنا أعتدنا للظالمين نارا أحاط بهم سرادقها وإن يستغيثوا يغاثوا بماء كالمهل يشوي الوجوه بئس الشراب وساءت مرتفقا,أن رجلا سأل رسول الله صلى الله عليه وسلم عن صلاة الليل فقال رسول الله صلى الله عليه وسلم صلاة الليل مثنى مثنى فإذا خشي أحدكم الصبح صلى ركعة واحدة توتر له ما قد صلى,0
فويل للمصلين,عن رسول الله صلى الله عليه وسلم أنه قال إن أحق الشروط أن توفوا به ما استحللتم به الفروج,0
وقل للمؤمنات يغضضن من أبصارهن ويحفظن فروجهن ولا يبدين زينتهن إلا ما ظهر منها وليضربن بخمرهن على جيوبهن ولا يبدين زينتهن إلا لبعولتهن أو آبائهن أو آباء بعولتهن أو أبنائهن أو أبناء بعولتهن أو إخوانهن أو بني إخوانهن أو بني أخواتهن أو نسائهن أو ما ملكت أيمانهن أو التابعين غير أولي الإربة من الرجال أو الطفل الذين لم يظهروا على عورات النساء ولا يضربن بأرجلهن ليعلم ما يخفين من زينتهن وتوبوا إلى الله جميعا أيه المؤمنون لعلكم تفلحون,جئت النبي صلى الله عليه وسلم في نسوة نبايعه فقال لنا فيما استطعتن وأطقتن إني لا أصافح النساء,1
قد فرض الله لكم تحلة أيمانكم والله مولاكم وهو العليم الحكيم,جاء رجل إلى النبي صلى الله عليه وسلم فقال هلكت قال ما شأنك قال وقعت على امرأتي في رمضان قال تستطيع تعتق رقبة قال لا قال فهل تستطيع أن تصوم شهرين متتابعين قال لا قال فهل تستطيع أن تطعم ستين مسكينا قال لا قال اجلس فجلس فأتي النبي صلى الله عليه وسلم بعرق فيه تمر والعرق المكتل الضخم قال خذ هذا فتصدق به قال أعلى أفقر منا فضحك النبي صلى الله عليه وسلم حتى بدت نواجذه قال أطعمه عيالك,1
وما اختلفتم فيه من شيء فحكمه إلى الله ذلكم الله ربي عليه توكلت وإليه أنيب,كان سعد يأمر بخمس ويذكرهن عن النبي صلى الله عليه وسلم أنه كان يأمر بهن اللهم إني أعوذ بك من البخل وأعوذ بك من الجبن وأعوذ بك أن أرد إلى أرذل العمر وأعوذ بك من فتنة الدنيا يعني فتنة الدجال وأعوذ بك من عذاب القبر,0
ليس عليك هداهم ولكن الله يهدي من يشاء وما تنفقوا من خير فلأنفسكم وما تنفقون إلا ابتغاء وجه الله وما تنفقوا من خير يوف إليكم وأنتم لا تظلمون,يا رسول الله صلى الله عليه وسلم هل بقي من بر أبوى شىء أبرهما به بعد موتهما قال نعم الصلاة عليهما والاستغفار لهما وإنفاذ عهدهما من بعدهما وصلة الرحم التي لا توصل إلا بهما وإكرام صديقهما,0
يا أيها الذين آمنوا أطيعوا الله وأطيعوا الرسول وأولي الأمر منكم فإن تنازعتم في شيء فردوه إلى الله والرسول إن كنتم تؤمنون بالله واليوم الآخر ذلك خير وأحسن تأويلا,أن رسول الله صلى الله عليه وسلم قال من أطاعني فقد أطاع الله ومن عصاني فقد عصى الله ومن أطاع أميري فقد أطاعني ومن عصى أميري فقد عصاني,1
هو الأول والآخر والظاهر والباطن وهو بكل شيء عليم,قال رسول الله صلى الله عليه وسلم من نذر أن يطيع الله فليطعه ومن نذر أن يعصي الله فلا يعصه,0
وقرن في بيوتكن ولا تبرجن تبرج الجاهلية الأولى وأقمن الصلاة وآتين الزكاة وأطعن الله ورسوله إنما يريد الله ليذهب عنكم الرجس أهل البيت ويطهركم تطهيرا,قال رسول الله صلى الله عليه وسلم أيما امرأة أصابت بخورا فلا تشهدن معنا العشاء,1
ووضع الكتاب فترى المجرمين مشفقين مما فيه ويقولون يا ويلتنا مال هذا الكتاب لا يغادر صغيرة ولا كبيرة إلا أحصاها ووجدوا ما عملوا حاضرا ولا يظلم ربك أحدا,أن رسول الله صلى الله عليه وسلم قال إذا مات الإنسان انقطع عمله إلا من ثلاث صدقة جارية وعلم ينتفع به وولد صالح يدعو له,0
يوفون بالنذر ويخافون يوما كان شره مستطيرا,قال رسول الله صلى الله عليه وسلم من نذر أن يطيع الله فليطعه ومن نذر أن يعصي الله فلا يعصه,1
من شر ما خلق,لم يكن رسول الله صلى الله عليه وسلم في الشهر من السنة أكثر صياما منه في شعبان وكان يقول خذوا من الأعمال ما تطيقون فإن الله لن يمل حتى تملوا وكان يقول أحب العمل إلى الله ما داوم عليه صاحبه وإن قل,0
يا أيها الذين آمنوا قوا أنفسكم وأهليكم نارا وقودها الناس والحجارة عليها ملائكة غلاظ شداد لا يعصون الله ما أمرهم ويفعلون ما يؤمرون,قال النبي صلى الله عليه وسلم كلكم راع وكلكم مسئول فالإمام راع وهو مسئول والرجل راع على أهله وهو مسئول والمرأة راعية على بيت زوجها وهى مسئولة والعبد راع على مال سيده وهو مسئول ألا فكلكم راع وكلكم مسئول,1
قل تعالوا أتل ما حرم ربكم عليكم ألا تشركوا به شيئا وبالوالدين إحسانا ولا تقتلوا أولادكم من إملاق نحن نرزقكم وإياهم ولا تقربوا الفواحش ما ظهر منها وما بطن ولا تقتلوا النفس التي حرم الله إلا بالحق ذلكم وصاكم به لعلكم تعقلون,قال رسول الله صلى الله عليه وسلم إن أطيب ما أكلتم من كسبكم وإن أولادكم من كسبكم,0
يا أيها الذين آمنوا اتقوا الله وذروا ما بقي من الربا إن كنتم مؤمنين,قال رسول الله صلى الله عليه وسلم من خاف أن لا يقوم من آخر الليل فليوتر أوله ومن طمع أن يقوم آخره فليوتر آخر الليل فإن صلاة آخر الليل مشهودة وذلك أفضل,0
واعبد ربك حتى يأتيك اليقين,قال رسول الله صلى الله عليه وسلم هلك المتنطعون قالها ثلاثا,0
ولا تنكحوا المشركات حتى يؤمن ولأمة مؤمنة خير من مشركة ولو أعجبتكم ولا تنكحوا المشركين حتى يؤمنوا ولعبد مؤمن خير من مشرك ولو أعجبكم أولئك يدعون إلى النار والله يدعو إلى الجنة والمغفرة بإذنه ويبين آياته للناس لعلهم يتذكرون,أن رسول الله صلى الله عليه وسلم قال من الكبائر شتم الرجل والديه قالوا يا رسول الله صلى الله عليه وسلم هل يشتم الرجل والديه قال نعم يسب أبا الرجل فيسب أباه ويسب أمه فيسب أمه,0
قل للمؤمنين يغضوا من أبصارهم ويحفظوا فروجهم ذلك أزكى لهم إن الله خبير بما يصنعون,قال لي النبي صلى الله عليه وسلم لا تحقرن من المعروف شيئا ولو أن تلقى أخاك بوجه طلق,0
والذين جاهدوا فينا لنهدينهم سبلنا وإن الله لمع المحسنين,عن رسول الله صلى الله عليه وسلم أنه قال كل ميت يختم على عمله إلا الذي مات مرابطا في سبيل الله فإنه ينمى له عمله إلى يوم القيامة ويأمن من فتنة القبر وسمعت رسول الله صلى الله عليه وسلم يقول المجاهد من جاهد نفسه,1
يا أيها الذين آمنوا إن تنصروا الله ينصركم ويثبت أقدامكم,قال رسول الله صلى الله عليه وسلم إن من أفضل أيامكم يوم الجمعة فيه خلق آدم وفيه النفخة وفيه الصعقة فأكثروا على من الصلاة فيه فإن صلاتكم معروضة على فقال رجل يا رسول الله صلى الله عليه وسلم كيف تعرض صلاتنا عليك وقد أرمت يعني بليت فقال إن الله قد حرم على الأرض أن تأكل أجساد الأنبياء,0
وأن استغفروا ربكم ثم توبوا إليه يمتعكم متاعا حسنا إلى أجل مسمى ويؤت كل ذي فضل فضله وإن تولوا فإني أخاف عليكم عذاب يوم كبير,أنه طلق امرأته وهى حائض فذكر ذلك عمر للنبي فقال مره فليراجعها ثم ليطلقها طاهرا أو حاملا,0
والذين هم على صلواتهم يحافظون,قال رسول الله صلى الله عليه وسلم بني الإسلام على خمس شهادة أن لا إله إلا الله وأن محمدا رسول الله صلى الله عليه وسلم وإقام الصلاة وإيتاء الزكاة والحج وصوم رمضان,1
للذين يؤلون من نسائهم تربص أربعة أشهر فإن فاءوا فإن الله غفور رحيم,كان يقول في الإيلاء الذي سمى الله لا يحل لأحد بعد الأجل إلا أن يمسك بالمعروف أو يعزم بالطلاق كما أمر الله عز وجل,1
ولنبلونكم بشيء من الخوف والجوع ونقص من الأموال والأنفس والثمرات وبشر الصابرين,أن رسول الله صلى الله عليه وسلم قال أتدرون ما الغيبة قالوا الله ورسوله أعلم قال ذكرك أخاك بما يكره قيل أفرأيت إن كان في أخي ما أقول قال إن كان فيه ما تقول فقد اغتبته وإن لم يكن فيه فقد بهته,0
كنتم خير أمة أخرجت للناس تأمرون بالمعروف وتنهون عن المنكر وتؤمنون بالله ولو آمن أهل الكتاب لكان خيرا لهم منهم المؤمنون وأكثرهم الفاسقون,قلت يا رسول الله صلى الله عليه وسلم على النساء جهاد قال نعم عليهن جهاد لا قتال فيه الحج والعمرة,0
ويقول الذين آمنوا أهؤلاء الذين أقسموا بالله جهد أيمانهم إنهم لمعكم حبطت أعمالهم فأصبحوا خاسرين,النبي صلى الله عليه وسلم يقول ألا أدلكم على أهل الجنة كل ضعيف متضعف لو أقسم على الله لأبره وأهل النار كل جواظ عتل مستكبر,1
وقالت اليهود يد الله مغلولة غلت أيديهم ولعنوا بما قالوا بل يداه مبسوطتان ينفق كيف يشاء وليزيدن كثيرا منهم ما أنزل إليك من ربك طغيانا وكفرا وألقينا بينهم العداوة والبغضاء إلى يوم القيامة كلما أوقدوا نارا للحرب أطفأها الله ويسعون في الأرض فسادا والله لا يحب المفسدين,أن النبي صلى الله عليه وسلم قال خير الدعاء دعاء يوم عرفة وخير ما قلت أنا والنبي صلى الله عليه وسلمون من قبلي لا إله إلا الله وحده لا شريك له له الملك وله الحمد وهو على كل شيء قدير,0
في بيوت أذن الله أن ترفع ويذكر فيها اسمه يسبح له فيها بالغدو والآصال,عن النبي صلى الله عليه وسلم قال خيركم من تعلم القرآن وعلمه,0
والذين يتوفون منكم ويذرون أزواجا يتربصن بأنفسهن أربعة أشهر وعشرا فإذا بلغن أجلهن فلا جناح عليكم فيما فعلن في أنفسهن بالمعروف والله بما تعملون خبير,لما جاءها نعي أبيها دعت بطيب فمسحت ذراعيها وقالت ما لي بالطيب من حاجة لولا أني سمعت النبي صلى الله عليه وسلم يقول لا يحل لامرأة تؤمن بالله واليوم الآخر تحد على ميت فوق ثلاث إلا على زوج أربعة أشهر وعشرا,1
وقل للمؤمنات يغضضن من أبصارهن ويحفظن فروجهن ولا يبدين زينتهن إلا ما ظهر منها وليضربن بخمرهن على جيوبهن ولا يبدين زينتهن إلا لبعولتهن أو آبائهن أو آباء بعولتهن أو أبنائهن أو أبناء بعولتهن أو إخوانهن أو بني إخوانهن أو بني أخواتهن أو نسائهن أو ما ملكت أيمانهن أو التابعين غير أولي الإربة من الرجال أو الطفل الذين لم يظهروا على عورات النساء ولا يضربن بأرجلهن ليعلم ما يخفين من زينتهن وتوبوا إلى الله جميعا أيه المؤمنون لعلكم تفلحون,كان رسول الله صلى الله عليه وسلم يكثر أن يقول في ركوعه وسجوده سبحانك اللهم ربنا وبحمدك اللهم اغفر لي,0
من أجل ذلك كتبنا على بني إسرائيل أنه من قتل نفسا بغير نفس أو فساد في الأرض فكأنما قتل الناس جميعا ومن أحياها فكأنما أحيا الناس جميعا ولقد جاءتهم رسلنا بالبينات ثم إن كثيرا منهم بعد ذلك في الأرض لمسرفون,ذهبت لأنصر هذا الرجل فلقيني أبو بكرة فقال أين تريد قلت أنصر هذا الرجل قال ارجع فإني سمعت رسول الله صلى الله عليه وسلم يقول إذا التقى المسلمان بسيفيهما فالقاتل والمقتول في النار قلت يا رسول الله صلى الله عليه وسلم هذا القاتل فما بال المقتول قال إنه كان حريصا على قتل صاحبه,1
يا أيها الناس إنا خلقناكم من ذكر وأنثى وجعلناكم شعوبا وقبائل لتعارفوا إن أكرمكم عند الله أتقاكم إن الله عليم خبير,رسول الله صلى الله عليه وسلم قال تجدون الناس معادن خيارهم في الجاهلية خيارهم في الإسلام إذا فقهوا وتجدون خير الناس في هذا الشأن أشدهم له كراهية وتجدون شر الناس ذا الوجهين الذي يأتي هؤلاء بوجه ويأتي هؤلاء بوجه,1
وقرن في بيوتكن ولا تبرجن تبرج الجاهلية الأولى وأقمن الصلاة وآتين الزكاة وأطعن الله ورسوله إنما يريد الله ليذهب عنكم الرجس أهل البيت ويطهركم تطهيرا,قال رسول الله صلى الله عليه وسلم من تشبه بقوم فهو منهم,1
يا أيها الذين آمنوا إذا قيل لكم تفسحوا في المجالس فافسحوا يفسح الله لكم وإذا قيل انشزوا فانشزوا يرفع الله الذين آمنوا منكم والذين أوتوا العلم درجات والله بما تعملون خبير,قال بينما نحن عند النبي صلى الله عليه وسلم إذ جاءه رجل من بني سليم فقال يا رسول الله صلى الله عليه وسلم أبقي من بر أبوى شىء أبرهما به من بعد موتهما قال نعم الصلاة عليهما والاستغفار لهما وإيفاء بعهودهما من بعد موتهما وإكرام صديقهما وصلة الرحم التي لا توصل إلا بهما,0
ذلك من أنباء الغيب نوحيه إليك وما كنت لديهم إذ يلقون أقلامهم أيهم يكفل مريم وما كنت لديهم إذ يختصمون,لعن رسول الله صلى الله عليه وسلم آكل الربا وموكله وكاتبه وشاهديه وقال هم سواء,0
يا أيها الناس إنا خلقناكم من ذكر وأنثى وجعلناكم شعوبا وقبائل لتعارفوا إن أكرمكم عند الله أتقاكم إن الله عليم خبير,عن النبي صلى الله عليه وسلم قال تنكح النساء لأربع لمالها ولحسبها ولجمالها ولدينها فاظفر بذات الدين تربت يداك,1
وأنفقوا في سبيل الله ولا تلقوا بأيديكم إلى التهلكة وأحسنوا إن الله يحب المحسنين,قال رسول الله صلى الله عليه وسلم الصعيد الطيب وضوء المسلم وإن لم يجد الماء عشر سنين,0
منيبين إليه واتقوه وأقيموا الصلاة ولا تكونوا من المشركين,قدم وفد عبد القيس على رسول الله صلى الله عليه وسلم فقالوا إنا من هذا الحى من ربيعة ولسنا نصل إليك إلا في الشهر الحرام فمرنا بشىء نأخذه عنك وندعو إليه من وراءنا فقال آمركم بأربع وأنهاكم عن أربع الإيمان بالله ثم فسرها لهم شهادة أن لا إله إلا الله وأني رسول الله صلى الله عليه وسلم وإقام الصلاة وإيتاء الزكاة وأن تؤدوا إلى خمس ما غنمتم وأنهى عن الدباء والحنتم والمقير والنقير,1
وما أرسلنا من قبلك إلا رجالا نوحي إليهم فاسألوا أهل الذكر إن كنتم لا تعلمون,خرجنا في سفر فأصاب رجلا منا حجر فشجه في رأسه ثم احتلم فسأل أصحابه فقال هل تجدون لي رخصة في التيمم فقالوا ما نجد لك رخصة وأنت تقدر على الماء فاغتسل فمات فلما قدمنا على النبي صلى الله عليه وسلم أخبر بذلك فقال قتلوه قتلهم الله ألا سألوا إذ لم يعلموا فإنما شفاء العي السؤال إنما كان يكفيه أن يتيمم ويعصر أو يعصب شك موسى على جرحه خرقة ثم يمسح عليها ويغسل سائر جسده,1
لا يؤاخذكم الله باللغو في أيمانكم ول كن يؤاخذكم بما عقدتم الأيمان   فكفارته إطعام عشرة مساكين من أوسط ما تطعمون أهليكم أو كسوتهم أو تحرير رقبة   فمن لم يجد فصيام ثلاثة أيام   ذ لك كفارة أيمانكم إذا حلفتم   واحفظوا أيمانكم   كذ لك يبين الله لكم آياته لعلكم تشكرون,قال رسول الله صلى الله عليه وسلم من استلج في أهله بيمين فهو أعظم إثما ليبر يعني الكفارة,1
ولقد آتينا لقمان الحكمة أن اشكر لله ومن يشكر فإنما يشكر لنفسه ومن كفر فإن الله غني حميد,لما نزلت الذين آمنوا ولم يلبسوا إيمانهم بظلم شق ذلك على المسلمين فقالوا يا رسول الله صلى الله عليه وسلم أينا لا يظلم نفسه قال ليس ذلك إنما هو الشرك ألم تسمعوا ما قال لقمان لابنه وهو يعظه يا بنى لا تشرك بالله إن الشرك لظلم عظيم,1
والمطلقات يتربصن بأنفسهن ثلاثة قروء ولا يحل لهن أن يكتمن ما خلق الله في أرحامهن إن كن يؤمن بالله واليوم الآخر وبعولتهن أحق بردهن في ذلك إن أرادوا إصلاحا ولهن مثل الذي عليهن بالمعروف وللرجال عليهن درجة والله عزيز حكيم,وهو على المنبر يقول أعطاني أبي عطية فقالت عمرة بنت رواحة لا أرضى حتى تشهد رسول الله صلى الله عليه وسلم فأتى رسول الله صلى الله عليه وسلم فقال إني أعطيت ابني من عمرة بنت رواحة عطية فأمرتني أن أشهدك يا رسول الله صلى الله عليه وسلم قال أعطيت سائر ولدك مثل هذا قال لا قال فاتقوا الله واعدلوا بين أولادكم قال فرجع فرد عطيته,0
للذين يؤلون من نسائهم تربص أربعة أشهر فإن فاءوا فإن الله غفور رحيم,إذا مضت أربعة أشهر يوقف حتى يطلق ولا يقع عليه الطلاق حتى يطلق,1
قل يا عبادي الذين أسرفوا على أنفسهم لا تقنطوا من رحمة الله إن الله يغفر الذنوب جميعا إنه هو الغفور الرحيم,أن رسول الله صلى الله عليه وسلم قال أقرب ما يكون العبد من ربه وهو ساجد فأكثروا الدعاء,1
وإن يونس لمن المرسلين,النبي صلى الله عليه وسلم قال لا ينبغي لعبد أن يقول أنا خير من يونس بن متى,1
ربنا اغفر لي ولوالدي وللمؤمنين يوم يقوم الحساب,سمعت رسول الله صلى الله عليه وسلم يقول من قال بسم الله الذي لا يضر مع اسمه شىء في الأرض ولا في السماء وهو السميع العليم ثلاث مرات لم تصبه فجأة بلاء حتى يصبح ومن قالها حين يصبح ثلاث مرات لم تصبه فجأة بلاء حتى يمسي,0
واعبدوا الله ولا تشركوا به شيئا وبالوالدين إحسانا وبذي القربى واليتامى والمساكين والجار ذي القربى والجار الجنب والصاحب بالجنب وابن السبيل وما ملكت أيمانكم إن الله لا يحب من كان مختالا فخورا,وقال رسول الله صلى الله عليه وسلم لا تقبل صلاة أحدكم إذا أحدث حتى يتوضأ,0
ويوم نبعث في كل أمة شهيدا عليهم من أنفسهم وجئنا بك شهيدا على هؤلاء ونزلنا عليك الكتاب تبيانا لكل شيء وهدى ورحمة وبشرى للمسلمين,إن رسول الله صلى الله عليه وسلم قال إن الملائكة لا تدخل بيتا فيه صورة,0
ومن الناس من يعجبك قوله في الحياة الدنيا ويشهد الله على ما في قلبه وهو ألد الخصام,النبي صلى الله عليه وسلم قال إن أبغض الرجال إلى الله الألد الخصم,1
لقد أرسلنا نوحا إلى قومه فقال يا قوم اعبدوا الله ما لكم من إله غيره إني أخاف عليكم عذاب يوم عظيم,عن النبي صلى الله عليه وسلم قال المسلم أخو المسلم لا يظلمه ولا يسلمه من كان في حاجة أخيه فإن الله في حاجته ومن فرج عن مسلم كربة فرج الله عنه بها كربة من كرب يوم القيامة ومن ستر مسلما ستره الله يوم القيامة,0
حرمت عليكم أمهاتكم وبناتكم وأخواتكم وعماتكم وخالاتكم وبنات الأخ وبنات الأخت وأمهاتكم اللاتي أرضعنكم وأخواتكم من الرضاعة وأمهات نسائكم وربائبكم اللاتي في حجوركم من نسائكم اللاتي دخلتم بهن فإن لم تكونوا دخلتم بهن فلا جناح عليكم وحلائل أبنائكم الذين من أصلابكم وأن تجمعوا بين الأختين إلا ما قد سلف إن الله كان غفورا رحيما,قال رسول الله صلى الله عليه وسلم العهد الذي بيننا وبينهم الصلاة فمن تركها فقد كفر,0
يوصيكم الله في أولادكم للذكر مثل حظ الأنثيين فإن كن نساء فوق اثنتين فلهن ثلثا ما ترك وإن كانت واحدة فلها النصف ولأبويه لكل واحد منهما السدس مما ترك إن كان له ولد فإن لم يكن له ولد وورثه أبواه فلأمه الثلث فإن كان له إخوة فلأمه السدس من بعد وصية يوصي بها أو دين آباؤكم وأبناؤكم لا تدرون أيهم أقرب لكم نفعا فريضة من الله إن الله كان عليما حكيما,أنه قال لرسول الله صلى الله عليه وسلم علمني دعاء أدعو به في صلاتي قال قل اللهم إني ظلمت نفسي ظلما كثيرا ولا يغفر الذنوب إلا أنت فاغفر لي مغفرة من عندك وارحمني إنك أنت الغفور الرحيم,0
يريد الله ليبين لكم ويهديكم سنن الذين من قبلكم ويتوب عليكم والله عليم حكيم,قال كان النبي صلى الله عليه وسلم يعوذ الحسن والحسين أعيذكما بكلمات الله التامة من كل شيطان وهامة ومن كل عين لامة ثم يقول كان أبوكم يعوذ بهما إسماعيل وإسحاق,0
والذين لا يدعون مع الله إلها آخر ولا يقتلون النفس التي حرم الله إلا بالحق ولا يزنون ومن يفعل ذلك يلق أثاما,قال رسول الله صلى الله عليه وسلم لا يزني الزاني حين يزني وهو مؤمن ولا يسرق حين يسرق وهو مؤمن ولا يشرب الخمر حين يشربها وهو مؤمن والتوبة معروضة بعد,1
وما منعهم أن تقبل منهم نفقاتهم إلا أنهم كفروا بالله وبرسوله ولا يأتون الصلاة إلا وهم كسالى ولا ينفقون إلا وهم كارهون,عن النبي صلى الله عليه وسلم قال من سمع النداء فلم يأته فلا صلاة له إلا من عذر,1
وقضى ربك ألا تعبدوا إلا إياه وبالوالدين إحسانا إما يبلغن عندك الكبر أحدهما أو كلاهما فلا تقل لهما أف ولا تنهرهما وقل لهما قولا كريما,أن رسول الله صلى الله عليه وسلم قال لا تنذروا فإن النذر لا يغني من القدر شيئا وإنما يستخرج به من البخيل,0
يا أيها الذين آمنوا لا تدخلوا بيوتا غير بيوتكم حتى تستأنسوا وتسلموا على أهلها ذلكم خير لكم لعلكم تذكرون,أن النبي صلى الله عليه وسلم قال إياكم والجلوس بالطرقات فقالوا يا رسول الله صلى الله عليه وسلم ما لنا من مجالسنا بد نتحدث فيها فقال إذا أبيتم إلا المجلس فأعطوا الطريق حقه قالوا وما حق الطريق يا رسول الله صلى الله عليه وسلم قال غض البصر وكف الأذى ورد السلام والأمر بالمعروف والنهى عن المنكر,1
ما أفاء الله على رسوله من أهل القرى فلله وللرسول ولذي القربى واليتامى والمساكين وابن السبيل كي لا يكون دولة بين الأغنياء منكم وما آتاكم الرسول فخذوه وما نهاكم عنه فانتهوا واتقوا الله إن الله شديد العقاب,كان رسول الله صلى الله عليه وسلم يدعو اللهم إني أعوذ بك من عذاب القبر ومن عذاب النار ومن فتنة المحيا والممات ومن فتنة المسيح الدجال,0
يا أيها الناس إنا خلقناكم من ذكر وأنثى وجعلناكم شعوبا وقبائل لتعارفوا إن أكرمكم عند الله أتقاكم إن الله عليم خبير,قال رسول الله صلى الله عليه وسلم إذا خطب إليكم من ترضون دينه وخلقه فزوجوه إلا تفعلوا تكن فتنة في الأرض وفساد عريض,1
يسألونك عن الأهلة قل هي مواقيت للناس والحج وليس البر بأن تأتوا البيوت من ظهورها ولكن البر من اتقى وأتوا البيوت من أبوابها واتقوا الله لعلكم تفلحون,يقول نزلت هذه الآية فينا كانت الأنصار إذا حجوا فجاءوا لم يدخلوا من قبل أبواب بيوتهم ولكن من ظهورها فجاء رجل من الأنصار فدخل من قبل بابه فكأنه عير بذلك فنزلت وليس البر بأن تأتوا البيوت من ظهورها ولكن البر من اتقى وأتوا البيوت من أبوابها,1
واعلموا أنما أموالكم وأولادكم فتنة وأن الله عنده أجر عظيم,النبي صلى الله عليه وسلم قال اطلعت في الجنة فرأيت أكثر أهلها الفقراء واطلعت في النار فرأيت أكثر أهلها النساء,1
قل إن ربي يبسط الرزق لمن يشاء من عباده ويقدر له وما أنفقتم من شيء فهو يخلفه وهو خير الرازقين,عن رسول الله صلى الله عليه وسلم قال ما نقصت صدقة من مال وما زاد الله عبدا بعفو إلا عزا وما تواضع أحد لله إلا رفعه الله,1
للذين يؤلون من نسائهم تربص أربعة أشهر فإن فاءوا فإن الله غفور رحيم,آلى رسول الله صلى الله عليه وسلم من نسائه وكانت انفكت رجله فأقام في مشربة له تسعا وعشرين ثم نزل فقالوا يا رسول الله صلى الله عليه وسلم آليت شهرا فقال الشهر تسع وعشرون,1
يوم يخرجون من الأجداث سراعا كأنهم إلى نصب يوفضون,قال رسول الله صلى الله عليه وسلم تحشرون حفاة عراة غرلا ثم قرأ كما بدأنا أول خلق نعيده وعدا علينا إنا كنا فاعلين فأول من يكسى إبراهيم ثم يؤخذ برجال من أصحابي ذات اليمين وذات الشمال فأقول أصحابي فيقال إنهم لم يزالوا مرتدين على أعقابهم منذ فارقتهم فأقول كما قال العبد الصالح عيسى ابن مريم وكنت عليهم شهيدا ما دمت فيهم فلما توفيتني كنت أنت الرقيب عليهم وأنت على كل شىء شهيد,1
ولا يأمركم أن تتخذوا الملائكة والنبيين أربابا أيأمركم بالكفر بعد إذ أنتم مسلمون,أن فاطمة عليهما السلام شكت ما تلقى في يدها من الرحى فأتت النبي صلى الله عليه وسلم تسأله خادما فلم تجده فذكرت ذلك لعائشة فلما جاء أخبرته قال فجاءنا وقد أخذنا مضاجعنا فذهبت أقوم فقال مكانك فجلس بيننا حتى وجدت برد قدميه على صدري فقال ألا أدلكما على ما هو خير لكما من خادم إذا أويتما إلى فراشكما أو أخذتما مضاجعكما فكبرا ثلاثا وثلاثين وسبحا ثلاثا وثلاثين واحمدا ثلاثا وثلاثين فهذا خير لكما من خادم,0
يا أيها الذين آمنوا إنما الخمر والميسر والأنصاب والأزلام رجس من عمل الشيطان فاجتنبوه لعلكم تفلحون,رسول الله صلى الله عليه وسلم حديثا لا يحدثكم به غيري قال من أشراط الساعة أن يظهر الجهل ويقل العلم ويظهر الزنا وتشرب الخمر ويقل الرجال ويكثر النساء حتى يكون لخمسين امرأة قيمهن رجل واحد,1
من اهتدى فإنما يهتدي لنفسه ومن ضل فإنما يضل عليها ولا تزر وازرة وزر أخرى وما كنا معذبين حتى نبعث رسولا,سمعت رسول الله صلى الله عليه وسلم يقول من قتل دون ماله فهو شهيد ومن قتل دون دينه فهو شهيد ومن قتل دون دمه فهو شهيد ومن قتل دون أهله فهو شهيد,0
يا أيها الناس إنا خلقناكم من ذكر وأنثى وجعلناكم شعوبا وقبائل لتعارفوا إن أكرمكم عند الله أتقاكم إن الله عليم خبير,قلت لها أرأيت النبي صلى الله عليه وسلم أكان من مضر قالت فممن كان إلا من مضر من بني النضر بن كنانة,1
واذكروا الله في أيام معدودات فمن تعجل في يومين فلا إثم عليه ومن تأخر فلا إثم عليه لمن اتقى واتقوا الله واعلموا أنكم إليه تحشرون,قال رسول الله صلى الله عليه وسلم أيام التشريق أيام أكل وشرب,1
يا أيها الذين آمنوا كونوا أنصار الله كما قال عيسى ابن مريم للحواريين من أنصاري إلى الله قال الحواريون نحن أنصار الله فآمنت طائفة من بني إسرائيل وكفرت طائفة فأيدنا الذين آمنوا على عدوهم فأصبحوا ظاهرين,كان الناس ينصرفون كل وجه فقال رسول الله صلى الله عليه وسلم لا ينفرن أحد حتى يكون آخر عهده بالبيت,0
يسألونك ماذا ينفقون قل ما أنفقتم من خير فللوالدين والأقربين واليتامى والمساكين وابن السبيل وما تفعلوا من خير فإن الله به عليم,كان رسول الله صلى الله عليه وسلم يعطيني العطاء فأقول أعطه من هو أفقر إليه مني فقال خذه إذا جاءك من هذا المال شىء وأنت غير مشرف ولا سائل فخذه وما لا فلا تتبعه نفسك,1
وأنكحوا الأيامى منكم والصالحين من عبادكم وإمائكم إن يكونوا فقراء يغنهم الله من فضله والله واسع عليم,قال لنا النبي صلى الله عليه وسلم يا معشر الشباب من استطاع منكم الباءة فليتزوج ومن لم يستطع فعليه بالصوم فإنه له وجاء,1
ما أصاب من مصيبة في الأرض ولا في أنفسكم إلا في كتاب من قبل أن نبرأها إن ذلك على الله يسير,قال رسول الله صلى الله عليه وسلم إن أثقل الصلاة على المنافقين صلاة العشاء وصلاة الفجر ولو يعلمون ما فيهما لأتوهما ولو حبوا,0
وما لهم ألا يعذبهم الله وهم يصدون عن المسجد الحرام وما كانوا أولياءه إن أولياؤه إلا المتقون ولكن أكثرهم لا يعلمون,قال رسول الله صلى الله عليه وسلم من نذر أن يطيع الله فليطعه ومن نذر أن يعصي الله فلا يعصه,0
ما كان محمد أبا أحد من رجالكم ولكن رسول الله وخاتم النبيين وكان الله بكل شيء عليما,قال رسول الله صلى الله عليه وسلم من سن سنة حسنة فعمل بها كان له أجرها ومثل أجر من عمل بها لا ينقص من أجورهم شيئا ومن سن سنة سيئة فعمل بها كان عليه وزرها ووزر من عمل بها من بعده لا ينقص من أوزارهم شيئا,0
يا أيها الذين آمنوا اتقوا الله حق تقاته ولا تموتن إلا وأنتم مسلمون,أنه طلق امرأته وهى حائض فذكر ذلك عمر للنبي فقال مره فليراجعها ثم ليطلقها طاهرا أو حاملا,0
يا أيها الذين آمنوا اجتنبوا كثيرا من الظن إن بعض الظن إثم ولا تجسسوا ولا يغتب بعضكم بعضا أيحب أحدكم أن يأكل لحم أخيه ميتا فكرهتموه واتقوا الله إن الله تواب رحيم,أن رسول الله صلى الله عليه وسلم قال إياكم والظن فإن الظن أكذب الحديث ولا تحسسوا ولا تجسسوا ولا تناجشوا ولا تحاسدوا ولا تباغضوا ولا تدابروا وكونوا عباد الله إخوانا,1
فاطر السماوات والأرض جعل لكم من أنفسكم أزواجا ومن الأنعام أزواجا يذرؤكم فيه ليس كمثله شيء وهو السميع البصير,كان النبي صلى الله عليه وسلم إذا فرغ من دفن الميت وقف عليه فقال استغفروا لأخيكم وسلوا له التثبيت فإنه الآن يسأل,0
فقولا له قولا لينا لعله يتذكر أو يخشى,قال رسول الله صلى الله عليه وسلم إنما الأعمال بالنيات وإنما لكل امرئ ما نوى فمن كانت هجرته إلى الله ورسوله فهجرته إلى الله ورسوله ومن كانت هجرته لدنيا يصيبها أو امرأة يتزوجها فهجرته إلى ما هاجر إليه,0
لا يكلف الله نفسا إلا وسعها لها ما كسبت وعليها ما اكتسبت ربنا لا تؤاخذنا إن نسينا أو أخطأنا ربنا ولا تحمل علينا إصرا كما حملته على الذين من قبلنا ربنا ولا تحملنا ما لا طاقة لنا به واعف عنا واغفر لنا وارحمنا أنت مولانا فانصرنا على القوم الكافرين,قال رسول الله صلى الله عليه وسلم من نسي وهو صائم فأكل أو شرب فليتم صومه فإنما أطعمه الله وسقاه,1
واتبعوا ما تتلو الشياطين على ملك سليمان وما كفر سليمان ولكن الشياطين كفروا يعلمون الناس السحر وما أنزل على الملكين ببابل هاروت وماروت وما يعلمان من أحد حتى يقولا إنما نحن فتنة فلا تكفر فيتعلمون منهما ما يفرقون به بين المرء وزوجه وما هم بضارين به من أحد إلا بإذن الله ويتعلمون ما يضرهم ولا ينفعهم ولقد علموا لمن اشتراه ما له في الآخرة من خلاق ولبئس ما شروا به أنفسهم لو كانوا يعلمون,سمعت رسول الله صلى الله عليه وسلم يقول إن الرقى والتمائم والتولة شرك قالت قلت لم تقول هذا والله لقد كانت عيني تقذف وكنت أختلف إلى فلان اليهودي يرقيني فإذا رقاني سكنت فقال عبد الله إنما ذاك عمل الشيطان كان ينخسها بيده فإذا رقاها كف عنها إنما كان يكفيك أن تقولي كما كان رسول الله صلى الله عليه وسلم يقول أذهب الباس رب الناس اشف أنت الشافي لا شفاء إلا شفاؤك شفاء لا يغادر سقما,1
وأن هذا صراطي مستقيما فاتبعوه ولا تتبعوا السبل فتفرق بكم عن سبيله ذلكم وصاكم به لعلكم تتقون,عن النبي صلى الله عليه وسلم قال لا يدخل الجنة من كان في قلبه مثقال ذرة من كبر قال رجل إن الرجل يحب أن يكون ثوبه حسنا ونعله حسنة قال إن الله جميل يحب الجمال الكبر بطر الحق وغمط الناس,0
عما كانوا يعملون,قال رسول الله صلى الله عليه وسلم من قرأ حرفا من كتاب الله فله به حسنة والحسنة بعشر أمثالها لا أقول الم حرف ولكن ألف حرف ولام حرف وميم حرف,0
وأتموا الحج والعمرة لله فإن أحصرتم فما استيسر من الهدي ولا تحلقوا رءوسكم حتى يبلغ الهدي محله فمن كان منكم مريضا أو به أذى من رأسه ففدية من صيام أو صدقة أو نسك فإذا أمنتم فمن تمتع بالعمرة إلى الحج فما استيسر من الهدي فمن لم يجد فصيام ثلاثة أيام في الحج وسبعة إذا رجعتم تلك عشرة كاملة ذلك لمن لم يكن أهله حاضري المسجد الحرام واتقوا الله واعلموا أن الله شديد العقاب,أنه سئل عن متعة الحج فقال أهل المهاجرون والأنصار وأزواج النبي صلى الله عليه وسلم في حجة الوداع وأهللنا فلما قدمنا مكة قال رسول الله صلى الله عليه وسلم اجعلوا إهلالكم بالحج عمرة إلا من قلد الهدى فطفنا بالبيت وبالصفا والمروة وأتينا النساء ولبسنا الثياب وقال من قلد الهدى فإنه لا يحل له حتى يبلغ الهدى محله ثم أمرنا عشية التروية أن نهل بالحج فإذا فرغنا من المناسك جئنا فطفنا بالبيت وبالصفا والمروة فقد تم حجنا وعلينا الهدى كما قال الله تعالى فما استيسر من الهدى فمن لم يجد فصيام ثلاثة أيام في الحج وسبعة إذا رجعتم إلى أمصاركم الشاة تجزي فجمعوا نسكين في عام بين الحج والعمرة فإن الله تعالى أنزله في كتابه وسنه نبيه وأباحه للناس غير أهل مكة قال الله ذلك لمن لم يكن أهله حاضري المسجد الحرام وأشهر الحج التي ذكر الله تعالى شوال وذو القعدة وذو الحجة فمن تمتع في هذه الأشهر فعليه دم أو صوم والرفث الجماع والفسوق المعاصي والجدال المراء,1
يا أيها الرسل كلوا من الطيبات واعملوا صالحا إني بما تعملون عليم,قال رسول الله صلى الله عليه وسلم لا يدخل الجنة من كان في قلبه مثقال حبة من خردل من كبر ولا يدخل النار من كان في قلبه مثقال خردلة من إيمان,0
وإذا حييتم بتحية فحيوا بأحسن منها أو ردوها إن الله كان على كل شيء حسيبا,جئت النبي صلى الله عليه وسلم في نسوة نبايعه فقال لنا فيما استطعتن وأطقتن إني لا أصافح النساء,1
ووصى بها إبراهيم بنيه ويعقوب يا بني إن الله اصطفى لكم الدين فلا تموتن إلا وأنتم مسلمون,قال رسول الله صلى الله عليه وسلم ما حق امرئ مسلم له شىء يوصى فيه أن يبيت ليلتين إلا ووصيته مكتوبة عنده,1
من يطع الرسول فقد أطاع الله ومن تولى فما أرسلناك عليهم حفيظا,النبي صلى الله عليه وسلم قال من أخذ أموال الناس يريد أداءها أدى الله عنه ومن أخذ يريد إتلافها أتلفه الله,0
كلا إنهم عن ربهم يومئذ لمحجوبون,قال النبي صلى الله عليه وسلم ما منكم من أحد إلا وسيكلمه الله يوم القيامة ليس بين الله وبينه ترجمان ثم ينظر فلا يرى شيئا قدامه ثم ينظر بين يديه فتستقبله النار فمن استطاع منكم أن يتقي النار ولو بشق تمرة,1
ولو شاء الله لجعلهم أمة واحدة ولكن يدخل من يشاء في رحمته والظالمون ما لهم من ولي ولا نصير,يا رسول الله صلى الله عليه وسلم هل بقي من بر أبوى شىء أبرهما به بعد موتهما قال نعم الصلاة عليهما والاستغفار لهما وإنفاذ عهدهما من بعدهما وصلة الرحم التي لا توصل إلا بهما وإكرام صديقهما,0
والشعراء يتبعهم الغاوون,أن النبي صلى الله عليه وسلم قال إن من الشعر حكمة,1
يا بني آدم خذوا زينتكم عند كل مسجد وكلوا واشربوا ولا تسرفوا إنه لا يحب المسرفين,قال النبي صلى الله عليه وسلم لا يصلي أحدكم في الثوب الواحد ليس على عاتقيه شىء,1
وإن جاهداك على أن تشرك بي ما ليس لك به علم فلا تطعهما وصاحبهما في الدنيا معروفا واتبع سبيل من أناب إلي ثم إلي مرجعكم فأنبئكم بما كنتم تعملون,قال رسول الله صلى الله عليه وسلم من خاف أن لا يقوم من آخر الليل فليوتر أوله ومن طمع أن يقوم آخره فليوتر آخر الليل فإن صلاة آخر الليل مشهودة وذلك أفضل,0
فبما رحمة من الله لنت لهم ولو كنت فظا غليظ القلب لانفضوا من حولك فاعف عنهم واستغفر لهم وشاورهم في الأمر فإذا عزمت فتوكل على الله إن الله يحب المتوكلين,قال رسول الله صلى الله عليه وسلم أبغض الحلال إلى الله الطلاق,0
قل يا عبادي الذين أسرفوا على أنفسهم لا تقنطوا من رحمة الله إن الله يغفر الذنوب جميعا إنه هو الغفور الرحيم,أن النبي صلى الله عليه وسلم قال الرجل على دين خليله فلينظر أحدكم من يخالل,0
والقواعد من النساء اللاتي لا يرجون نكاحا فليس عليهن جناح أن يضعن ثيابهن غير متبرجات بزينة وأن يستعففن خير لهن والله سميع عليم,النبي صلى الله عليه وسلم قال قال الله ثلاثة أنا خصمهم يوم القيامة رجل أعطى بي ثم غدر ورجل باع حرا فأكل ثمنه ورجل استأجر أجيرا فاستوفى منه ولم يعط أجره,0
قال ألقوا فلما ألقوا سحروا أعين الناس واسترهبوهم وجاءوا بسحر عظيم,قال رسول الله صلى الله عليه وسلم لا يزني الزاني حين يزني وهو مؤمن ولا يسرق حين يسرق وهو مؤمن ولا يشرب الخمر حين يشربها وهو مؤمن والتوبة معروضة بعد,0
يا أيها الذين آمنوا عليكم أنفسكم لا يضركم من ضل إذا اهتديتم إلى الله مرجعكم جميعا فينبئكم بما كنتم تعملون,قال رسول الله صلى الله عليه وسلم ما من أيام العمل الصالح فيها أحب إلى الله من هذه الأيام يعني أيام العشر قالوا يا رسول الله صلى الله عليه وسلم ولا الجهاد في سبيل الله قال ولا الجهاد في سبيل الله إلا رجل خرج بنفسه وماله فلم يرجع من ذلك بشىء,0
ومن الناس من يشتري لهو الحديث ليضل عن سبيل الله بغير علم ويتخذها هزوا أولئك لهم عذاب مهين,النبي صلى الله عليه وسلم يقول ليكونن من أمتي أقوام يستحلون الحر والحرير والخمر والمعازف,1
وما تشاءون إلا أن يشاء الله رب العالمين,قال رسول الله صلى الله عليه وسلم من يحرم الرفق يحرم الخير كله,0
له معقبات من بين يديه ومن خلفه يحفظونه من أمر الله إن الله لا يغير ما بقوم حتى يغيروا ما بأنفسهم وإذا أراد الله بقوم سوءا فلا مرد له وما لهم من دونه من وال,أن رسول الله صلى الله عليه وسلم كان يقول الصلوات الخمس والجمعة إلى الجمعة ورمضان إلى رمضان مكفرات ما بينهن إذا اجتنب الكبائر,0
قد كانت لكم أسوة حسنة في إبراهيم والذين معه إذ قالوا لقومهم إنا برآء منكم ومما تعبدون من دون الله كفرنا بكم وبدا بيننا وبينكم العداوة والبغضاء أبدا حتى تؤمنوا بالله وحده إلا قول إبراهيم لأبيه لأستغفرن لك وما أملك لك من الله من شيء ربنا عليك توكلنا وإليك أنبنا وإليك المصير,أن رسول الله صلى الله عليه وسلم قال العمرة إلى العمرة كفارة لما بينهما والحج المبرور ليس له جزاء إلا الجنة,0
لقد أرسلنا نوحا إلى قومه فقال يا قوم اعبدوا الله ما لكم من إله غيره إني أخاف عليكم عذاب يوم عظيم,قال رسول الله صلى الله عليه وسلم يجيء نوح وأمته فيقول الله تعالى هل بلغت فيقول نعم أى رب فيقول لأمته هل بلغكم فيقولون لا ما جاءنا من نبي فيقول لنوح من يشهد لك فيقول محمد وأمته فنشهد أنه قد بلغ وهو قوله جل ذكره وكذلك جعلناكم أمة وسطا لتكونوا شهداء على الناس والوسط العدل,1
والمؤمنون والمؤمنات بعضهم أولياء بعض يأمرون بالمعروف وينهون عن المنكر ويقيمون الصلاة ويؤتون الزكاة ويطيعون الله ورسوله أولئك سيرحمهم الله إن الله عزيز حكيم,قال رسول الله صلى الله عليه وسلم ليس الواصل بالمكافئ ولكن الواصل هو الذي إذا قطعت رحمه وصلها,1
ومن يعش عن ذكر الرحمن نقيض له شيطانا فهو له قرين,إن النبي صلى الله عليه وسلم قال لا يزني الزاني حين يزني وهو مؤمن ولا يشرب الخمر حين يشربها وهو مؤمن ولا يسرق السارق حين يسرق وهو مؤمن,0
يا أيها الذين آمنوا اجتنبوا كثيرا من الظن إن بعض الظن إثم ولا تجسسوا ولا يغتب بعضكم بعضا أيحب أحدكم أن يأكل لحم أخيه ميتا فكرهتموه واتقوا الله إن الله تواب رحيم,أن رسول الله صلى الله عليه وسلم قال إياكم والظن فإن الظن أكذب الحديث ولا تحسسوا ولا تجسسوا,1
يا أيها الذين آمنوا لا تحلوا شعائر الله ولا الشهر الحرام ولا الهدي ولا القلائد ولا آمين البيت الحرام يبتغون فضلا من ربهم ورضوانا وإذا حللتم فاصطادوا ولا يجرمنكم شنآن قوم أن صدوكم عن المسجد الحرام أن تعتدوا وتعاونوا على البر والتقوى ولا تعاونوا على الإثم والعدوان واتقوا الله إن الله شديد العقاب,قال رسول الله صلى الله عليه وسلم انصر أخاك ظالما أو مظلوما,1
يا أيها الذين آمنوا إذا نودي للصلاة من يوم الجمعة فاسعوا إلى ذكر الله وذروا البيع ذلكم خير لكم إن كنتم تعلمون,النبي صلى الله عليه وسلم يقول على أعواده لينتهين أقوام عن ودعهم الجماعات أو ليختمن الله على قلوبهم ثم ليكونن من الغافلين,1
والسارق والسارقة فاقطعوا أيديهما جزاء بما كسبا نكالا من الله والله عزيز حكيم,قال النبي صلى الله عليه وسلم تقطع اليد في ربع دينار فصاعدا,1
والذين لا يدعون مع الله إلها آخر ولا يقتلون النفس التي حرم الله إلا بالحق ولا يزنون ومن يفعل ذلك يلق أثاما,جاء نعى جعفر قال رسول الله صلى الله عليه وسلم اصنعوا لآل جعفر طعاما فقد أتاهم ما يشغلهم أو أمر يشغلهم,0
قل إن صلاتي ونسكي ومحياي ومماتي لله رب العالمين,أن رسول الله صلى الله عليه وسلم قال من الكبائر شتم الرجل والديه قالوا يا رسول الله صلى الله عليه وسلم هل يشتم الرجل والديه قال نعم يسب أبا الرجل فيسب أباه ويسب أمه فيسب أمه,0
ليشهدوا منافع لهم ويذكروا اسم الله في أيام معلومات على ما رزقهم من بهيمة الأنعام فكلوا منها وأطعموا البائس الفقير,أربع لا تجوز في الأضاحي العوراء البين عورها والعرجاء البين عرجها والمريضة البين مرضها والهزيلة التي لا تنقي,1
وإذا بلغ الأطفال منكم الحلم فليستأذنوا كما استأذن الذين من قبلهم كذلك يبين الله لكم آياته والله عليم حكيم,اطلع رجل من جحر في حجر النبي صلى الله عليه وسلم ومع النبي صلى الله عليه وسلم مدرى يحك به رأسه فقال لو أعلم أنك تنظر لطعنت به في عينك إنما جعل الاستئذان من أجل البصر,1
فلما نسوا ما ذكروا به فتحنا عليهم أبواب كل شيء حتى إذا فرحوا بما أوتوا أخذناهم بغتة فإذا هم مبلسون,قال رسول الله صلى الله عليه وسلم من خاف أن لا يقوم من آخر الليل فليوتر أوله ومن طمع أن يقوم آخره فليوتر آخر الليل فإن صلاة آخر الليل مشهودة وذلك أفضل وقال أبو معاوية محضورة,0
فمن يعمل مثقال ذرة خيرا يره,كان رسول الله صلى الله عليه وسلم يقول لا إله إلا الله وحده لا شريك له له الملك وله الحمد وهو على كل شىء قدير اللهم لا مانع لما أعطيت ولا معطي لما منعت ولا ينفع ذا الجد منك الجد,0
يريدون أن يخرجوا من النار وما هم بخارجين منها ولهم عذاب مقيم,أن رسول الله صلى الله عليه وسلم قضى أن لا ضرر ولا ضرار,0
وقال فرعون ائتوني بكل ساحر عليم,قال رسول الله صلى الله عليه وسلم استوصوا بالنساء فإن المرأة خلقت من ضلع وإن أعوج شىء في الضلع أعلاه فإن ذهبت تقيمه كسرته وإن تركته لم يزل أعوج فاستوصوا بالنساء,0
قل ادعوا الذين زعمتم من دونه فلا يملكون كشف الضر عنكم ولا تحويلا,النبي صلى الله عليه وسلم قال من أحب لقاء الله أحب الله لقاءه ومن كره لقاء الله كره الله لقاءه قالت عائشة أو بعض أزواجه إنا لنكره الموت قال ليس ذاك ولكن المؤمن إذا حضره الموت بشر برضوان الله وكرامته فليس شىء أحب إليه مما أمامه فأحب لقاء الله وأحب الله لقاءه وإن الكافر إذا حضر بشر بعذاب الله وعقوبته فليس شىء أكره إليه مما أمامه كره لقاء الله وكره الله لقاءه,0
لقد كان لكم في رسول الله أسوة حسنة لمن كان يرجو الله واليوم الآخر وذكر الله كثيرا,عن رجل له ثلاثة مساكن فأوصى بثلث كل مسكن منها قال يجمع ذلك كله في مسكن واحد ثم قال أخبرتني عائشة أن رسول الله صلى الله عليه وسلم قال من عمل عملا ليس عليه أمرنا فهو رد,1
وأنه كان رجال من الإنس يعوذون برجال من الجن فزادوهم رهقا,عن رسول الله صلى الله عليه وسلم من سبح الله في دبر كل صلاة ثلاثا وثلاثين وحمد الله ثلاثا وثلاثين وكبر الله ثلاثا وثلاثين فتلك تسعة وتسعون وقال تمام المائة لا إله إلا الله وحده لا شريك له له الملك وله الحمد وهو على كل شىء قدير غفرت خطاياه وإن كانت مثل زبد البحر,0
ومن أحسن دينا ممن أسلم وجهه لله وهو محسن واتبع ملة إبراهيم حنيفا واتخذ الله إبراهيم خليلا,قال رسول الله صلى الله عليه وسلم اختتن إبراهيم عليه السلام وهو ابن ثمانين سنة بالقدوم,1
يوصيكم الله في أولادكم للذكر مثل حظ الأنثيين فإن كن نساء فوق اثنتين فلهن ثلثا ما ترك وإن كانت واحدة فلها النصف ولأبويه لكل واحد منهما السدس مما ترك إن كان له ولد فإن لم يكن له ولد وورثه أبواه فلأمه الثلث فإن كان له إخوة فلأمه السدس من بعد وصية يوصي بها أو دين آباؤكم وأبناؤكم لا تدرون أيهم أقرب لكم نفعا فريضة من الله إن الله كان عليما حكيما,سمعت رسول الله صلى الله عليه وسلم يقول إن الله قد أعطى كل ذي حق حقه فلا وصية لوارث,1
ويرزقه من حيث لا يحتسب ومن يتوكل على الله فهو حسبه إن الله بالغ أمره قد جعل الله لكل شيء قدرا,أن رسول الله صلى الله عليه وسلم قال يدخل الجنة من أمتي سبعون ألفا بغير حساب هم الذين لا يسترقون ولا يتطيرون وعلى ربهم يتوكلون,1
وإما ينزغنك من الشيطان نزغ فاستعذ بالله إنه سميع عليم,أن رسول الله صلى الله عليه وسلم قضى أن لا ضرر ولا ضرار,0
لا يؤاخذكم الله باللغو في أيمانكم ولكن يؤاخذكم بما عقدتم الأيمان فكفارته إطعام عشرة مساكين من أوسط ما تطعمون أهليكم أو كسوتهم أو تحرير رقبة فمن لم يجد فصيام ثلاثة أيام ذلك كفارة أيمانكم إذا حلفتم واحفظوا أيمانكم كذلك يبين الله لكم آياته لعلكم تشكرون,أن رسول الله صلى الله عليه وسلم قال اتقوا الظلم فإن الظلم ظلمات يوم القيامة واتقوا الشح فإن الشح أهلك من كان قبلكم حملهم على أن سفكوا دماءهم واستحلوا محارمهم,0
لا الشمس ينبغي لها أن تدرك القمر ولا الليل سابق النهار وكل في فلك يسبحون,قال رسول الله صلى الله عليه وسلم من كانت له مظلمة لأحد من عرضه أو شىء فليتحلله منه اليوم قبل أن لا يكون دينار ولا درهم إن كان له عمل صالح أخذ منه بقدر مظلمته وإن لم تكن له حسنات أخذ من سيئات صاحبه فحمل عليه,0
يوفون بالنذر ويخافون يوما كان شره مستطيرا,أتيت النبي صلى الله عليه وسلم وهو بعرفة فجاء ناس أو نفر من أهل نجد فأمروا رجلا فنادى رسول الله صلى الله عليه وسلم كيف الحج فأمر رسول الله صلى الله عليه وسلم رجلا فنادى الحج الحج يوم عرفة من جاء قبل صلاة الصبح من ليلة جمع فتم حجه أيام منى ثلاثة فمن تعجل في يومين فلا إثم عليه ومن تأخر فلا إثم عليه قال ثم أردف رجلا خلفه فجعل ينادي بذلك,0
لا إكراه في الدين قد تبين الرشد من الغي فمن يكفر بالطاغوت ويؤمن بالله فقد استمسك بالعروة الوثقى لا انفصام لها والله سميع عليم,أن رسول الله صلى الله عليه وسلم قال ينزل ربنا كل ليلة إلى سماء الدنيا حين يبقى ثلث الليل الآخر فيقول من يدعوني فأستجيب له من يسألني فأعطيه من يستغفرني فأغفر له,0
يا أيها الذين آمنوا لا تأكلوا أموالكم بينكم بالباطل إلا أن تكون تجارة عن تراض منكم ولا تقتلوا أنفسكم إن الله كان بكم رحيما,أن رسول الله صلى الله عليه وسلم قال من حلف بملة غير ملة الإسلام كاذبا فهو كما قال ومن قتل نفسه بشىء عذب به يوم القيامة وليس على رجل نذر فيما لا يملكه,1
ولئن سألتهم ليقولن إنما كنا نخوض ونلعب قل أبالله وآياته ورسوله كنتم تستهزئون,سمعت رسول الله صلى الله عليه وسلم يقول ويل للذي يحدث فيكذب ليضحك به القوم ويل له ويل له,1
وما منعهم أن تقبل منهم نفقاتهم إلا أنهم كفروا بالله وبرسوله ولا يأتون الصلاة إلا وهم كسالى ولا ينفقون إلا وهم كارهون,سمعت رسول الله صلى الله عليه وسلم يقول كتب الله مقادير الخلائق قبل أن يخلق السموات والأرض بخمسين ألف سنة قال وعرشه على الماء,0
ويقول الذين آمنوا أهؤلاء الذين أقسموا بالله جهد أيمانهم إنهم لمعكم حبطت أعمالهم فأصبحوا خاسرين,أمرنا النبي صلى الله عليه وسلم بإبرار المقسم,1
للفقراء الذين أحصروا في سبيل الله لا يستطيعون ضربا في الأرض يحسبهم الجاهل أغنياء من التعفف تعرفهم بسيماهم لا يسألون الناس إلحافا وما تنفقوا من خير فإن الله به عليم,أن رسول الله صلى الله عليه وسلم قال ليس المسكين الذي يطوف على الناس ترده اللقمة واللقمتان والتمرة والتمرتان ولكن المسكين الذي لا يجد غنى يغنيه ولا يفطن به فيتصدق عليه ولا يقوم فيسأل الناس,1
وهم يصطرخون فيها ربنا أخرجنا نعمل صالحا غير الذي كنا نعمل أولم نعمركم ما يتذكر فيه من تذكر وجاءكم النذير فذوقوا فما للظالمين من نصير,قال رسول الله صلى الله عليه وسلم إن أشد الناس عذابا يوم القيامة المصورون,1
وفي الأرض آيات للموقنين,أن رسول الله صلى الله عليه وسلم قال من قال لا إله إلا الله وحده لا شريك له له الملك وله الحمد وهو على كل شىء قدير في يوم مائة مرة كانت له عدل عشر رقاب وكتب له مائة حسنة ومحيت عنه مائة سيئة وكانت له حرزا من الشيطان يومه ذلك حتى يمسي ولم يأت أحد بأفضل مما جاء به إلا رجل عمل أكثر منه,0
والذين جاءوا من بعدهم يقولون ربنا اغفر لنا ولإخواننا الذين سبقونا بالإيمان ولا تجعل في قلوبنا غلا للذين آمنوا ربنا إنك رءوف رحيم,أن رسول الله صلى الله عليه وسلم قال إذا مات الإنسان انقطع عمله إلا من ثلاث صدقة جارية وعلم ينتفع به وولد صالح يدعو له,1
يا أيها الذين آمنوا كتب عليكم الصيام كما كتب على الذين من قبلكم لعلكم تتقون,أتيت النبي صلى الله عليه وسلم وعليه ثوب أبيض وهو نائم ثم أتيته وقد استيقظ فقال ما من عبد قال لا إله إلا الله ثم مات على ذلك إلا دخل الجنة قلت وإن زنى وإن سرق قال وإن زنى وإن سرق قلت وإن زنى وإن سرق قال وإن زنى وإن سرق قلت وإن زنى وإن سرق قال وإن زنى وإن سرق,0
وأقيموا الصلاة وآتوا الزكاة واركعوا مع الراكعين,قال رسول الله صلى الله عليه وسلم من نذر أن يطيع الله فليطعه ومن نذر أن يعصي الله فلا يعصه,0
واللائي يئسن من المحيض من نسائكم إن ارتبتم فعدتهن ثلاثة أشهر واللائي لم يحضن وأولات الأحمال أجلهن أن يضعن حملهن ومن يتق الله يجعل له من أمره يسرا,أن سبيعة الأسلمية نفست بعد وفاة زوجها بليال فجاءت النبي صلى الله عليه وسلم فاستأذنته أن تنكح فأذن لها فنكحت,1
وهو الذي يبدأ الخلق ثم يعيده وهو أهون عليه وله المثل الأعلى في السماوات والأرض وهو العزيز الحكيم,قال النبي صلى الله عليه وسلم أراه يقول الله شتمني ابن آدم وما ينبغي له أن يشتمني وتكذبني وما ينبغي له أما شتمه فقوله إن لي ولدا وأما تكذيبه فقوله ليس يعيدني كما بدأني,1
منها خلقناكم وفيها نعيدكم ومنها نخرجكم تارة أخرى,قال كنت خلف رسول الله صلى الله عليه وسلم يوما فقال يا غلام إني أعلمك كلمات احفظ الله يحفظك احفظ الله تجده تجاهك إذا سألت فاسأل الله وإذا استعنت فاستعن بالله واعلم أن الأمة لو اجتمعت على أن ينفعوك بشيء لم ينفعوك إلا بشيء قد كتبه الله لك ولو اجتمعوا على أن يضروك بشيء لم يضروك إلا بشيء قد كتبه الله عليك رفعت الأقلام وجفت الصحف,0
وإذ قالت الملائكة يا مريم إن الله اصطفاك وطهرك واصطفاك على نساء العالمين,النبي صلى الله عليه وسلم يقول خير نسائها مريم ابنة عمران وخير نسائها خديجة,1
يا أيها الذين آمنوا لا تقربوا الصلاة وأنتم سكارى حتى تعلموا ما تقولون ولا جنبا إلا عابري سبيل حتى تغتسلوا وإن كنتم مرضى أو على سفر أو جاء أحد منكم من الغائط أو لامستم النساء فلم تجدوا ماء فتيمموا صعيدا طيبا فامسحوا بوجوهكم وأيديكم إن الله كان عفوا غفورا,سأل رجل النبي صلى الله عليه وسلم فقال يا رسول الله صلى الله عليه وسلم إنا نركب البحر ونحمل معنا القليل من الماء فإن توضأنا به عطشنا أفنتوضأ بماء البحر فقال رسول الله صلى الله عليه وسلم هو الطهور ماؤه الحل ميتته,1
قل للمؤمنين يغضوا من أبصارهم ويحفظوا فروجهم ذلك أزكى لهم إن الله خبير بما يصنعون,سألت رسول الله صلى الله عليه وسلم عن نظرة الفجأة فقال اصرف بصرك,1
وقالوا لن يدخل الجنة إلا من كان هودا أو نصارى تلك أمانيهم قل هاتوا برهانكم إن كنتم صادقين,قال النبي صلى الله عليه وسلم لا تسبوا الأموات فإنهم قد أفضوا إلى ما قدموا,0
ذلكم بأنه إذا دعي الله وحده كفرتم وإن يشرك به تؤمنوا فالحكم لله العلي الكبير,أن ناسا من الأنصار سألوا رسول الله صلى الله عليه وسلم فأعطاهم ثم سألوه فأعطاهم حتى إذا نفد ما عنده قال ما يكون عندي من خير فلن أدخره عنكم ومن يستعفف يعفه الله ومن يستغن يغنه الله ومن يتصبر يصبره الله وما أعطى الله أحدا من عطاء أوسع من الصبر,0
وهو الذي يرسل الرياح بشرا بين يدي رحمته حتى إذا أقلت سحابا ثقالا سقناه لبلد ميت فأنزلنا به الماء فأخرجنا به من كل الثمرات كذلك نخرج الموتى لعلكم تذكرون,كان النبي صلى الله عليه وسلم إذا رأى مخيلة في السماء أقبل وأدبر ودخل وخرج وتغير وجهه فإذا أمطرت السماء سري عنه فعرفته عائشة ذلك فقال النبي صلى الله عليه وسلم ما أدري لعله كما قال قوم فلما رأوه عارضا مستقبل أوديتهم الآية,1
وقال الذين اتبعوا لو أن لنا كرة فنتبرأ منهم كما تبرءوا منا كذلك يريهم الله أعمالهم حسرات عليهم وما هم بخارجين من النار,عن النبي صلى الله عليه وسلم قال إن ربكم حيي كريم يستحيي من عبده أن يرفع إليه يديه فيردهما صفرا أو قال خائبتين,0
وما أرسلنا من قبلك إلا رجالا نوحي إليهم فاسألوا أهل الذكر إن كنتم لا تعلمون,قال رسول الله صلى الله عليه وسلم لا يقبل الله صلاة بغير طهور ولا صدقة من غلول,0
وقل للمؤمنات يغضضن من أبصارهن ويحفظن فروجهن ولا يبدين زينتهن إلا ما ظهر منها وليضربن بخمرهن على جيوبهن ولا يبدين زينتهن إلا لبعولتهن أو آبائهن أو آباء بعولتهن أو أبنائهن أو أبناء بعولتهن أو إخوانهن أو بني إخوانهن أو بني أخواتهن أو نسائهن أو ما ملكت أيمانهن أو التابعين غير أولي الإربة من الرجال أو الطفل الذين لم يظهروا على عورات النساء ولا يضربن بأرجلهن ليعلم ما يخفين من زينتهن وتوبوا إلى الله جميعا أيه المؤمنون لعلكم تفلحون,أن النبي صلى الله عليه وسلم قال يحرم من الرضاعة ما يحرم من الولادة,1
سواء منكم من أسر القول ومن جهر به ومن هو مستخف بالليل وسارب بالنهار,قال رسول الله صلى الله عليه وسلم لا تحلفوا بآبائكم ولا بأمهاتكم ولا بالأنداد ولا تحلفوا إلا بالله ولا تحلفوا بالله إلا وأنتم صادقون,0
من أجل ذلك كتبنا على بني إسرائيل أنه من قتل نفسا بغير نفس أو فساد في الأرض فكأنما قتل الناس جميعا ومن أحياها فكأنما أحيا الناس جميعا ولقد جاءتهم رسلنا بالبينات ثم إن كثيرا منهم بعد ذلك في الأرض لمسرفون,النبي صلى الله عليه وسلم قال من حمل علينا السلاح فليس منا,1
لا يؤاخذكم الله باللغو في أيمانكم ولكن يؤاخذكم بما عقدتم الأيمان فكفارته إطعام عشرة مساكين من أوسط ما تطعمون أهليكم أو كسوتهم أو تحرير رقبة فمن لم يجد فصيام ثلاثة أيام ذلك كفارة أيمانكم إذا حلفتم واحفظوا أيمانكم كذلك يبين الله لكم آياته لعلكم تشكرون,قال النبي صلى الله عليه وسلم يا عبد الرحمن بن سمرة لا تسأل الإمارة فإنك إن أوتيتها عن مسألة وكلت إليها وإن أوتيتها من غير مسألة أعنت عليها وإذا حلفت على يمين فرأيت غيرها خيرا منها فكفر عن يمينك وأت الذي هو خير,1
يا أيها الذين آمنوا إذا نكحتم المؤمنات ثم طلقتموهن من قبل أن تمسوهن فما لكم عليهن من عدة تعتدونها فمتعوهن وسرحوهن سراحا جميلا,قال رسول الله صلى الله عليه وسلم من توضأ فأحسن الوضوء ثم قال أشهد أن لا إله إلا الله وحده لا شريك له وأشهد أن محمدا عبده ورسوله اللهم اجعلني من التوابين واجعلني من المتطهرين فتحت له ثمانية أبواب الجنة يدخل من أيها شاء,0
وما ينطق عن الهوى,قال رسول الله صلى الله عليه وسلم ما حق امرئ مسلم له شىء يوصى فيه أن يبيت ليلتين إلا ووصيته مكتوبة عنده,0
وإذ جعلنا البيت مثابة للناس وأمنا واتخذوا من مقام إبراهيم مصلى وعهدنا إلى إبراهيم وإسماعيل أن طهرا بيتي للطائفين والعاكفين والركع السجود,لما دخل النبي صلى الله عليه وسلم البيت دعا في نواحيه كلها ولم يصل حتى خرج منه فلما خرج ركع ركعتين في قبل الكعبة وقال هذه القبلة,1
يا أيها الذين آمنوا إنما المشركون نجس فلا يقربوا المسجد الحرام بعد عامهم هذا وإن خفتم عيلة فسوف يغنيكم الله من فضله إن شاء إن الله عليم حكيم,قال بعثني أبو بكر فيمن يؤذن يوم النحر بمنى أن لا يحج بعد العام مشرك ولا يطوف بالبيت عريان ويوم الحج الأكبر يوم النحر والحج الأكبر,1
يا أيها الذين آمنوا إذا قيل لكم تفسحوا في المجالس فافسحوا يفسح الله لكم وإذا قيل انشزوا فانشزوا يرفع الله الذين آمنوا منكم والذين أوتوا العلم درجات والله بما تعملون خبير,النبي صلى الله عليه وسلم أنه نهى أن يقام الرجل من مجلسه ويجلس فيه آخر ولكن تفسحوا وتوسعوا,1
يوصيكم الله في أولادكم للذكر مثل حظ الأنثيين فإن كن نساء فوق اثنتين فلهن ثلثا ما ترك وإن كانت واحدة فلها النصف ولأبويه لكل واحد منهما السدس مما ترك إن كان له ولد فإن لم يكن له ولد وورثه أبواه فلأمه الثلث فإن كان له إخوة فلأمه السدس من بعد وصية يوصي بها أو دين آباؤكم وأبناؤكم لا تدرون أيهم أقرب لكم نفعا فريضة من الله إن الله كان عليما حكيما,قال رسول الله صلى الله عليه وسلم نفس المؤمن معلقة بدينه حتى يقضى عنه,1
والمطلقات يتربصن بأنفسهن ثلاثة قروء ولا يحل لهن أن يكتمن ما خلق الله في أرحامهن إن كن يؤمن بالله واليوم الآخر وبعولتهن أحق بردهن في ذلك إن أرادوا إصلاحا ولهن مثل الذي عليهن بالمعروف وللرجال عليهن درجة والله عزيز حكيم,أن معقل بن يسار كانت أخته تحت رجل فطلقها ثم خلى عنها حتى انقضت عدتها ثم خطبها فحمي معقل من ذلك أنفا فقال خلى عنها وهو يقدر عليها ثم يخطبها فحال بينه وبينها فأنزل الله وإذا طلقتم النساء فبلغن أجلهن فلا تعضلوهن إلى آخر الآية فدعاه رسول الله صلى الله عليه وسلم فقرأ عليه فترك الحمية واستقاد لأمر الله,1
لا يكلف الله نفسا إلا وسعها لها ما كسبت وعليها ما اكتسبت ربنا لا تؤاخذنا إن نسينا أو أخطأنا ربنا ولا تحمل علينا إصرا كما حملته على الذين من قبلنا ربنا ولا تحملنا ما لا طاقة لنا به واعف عنا واغفر لنا وارحمنا أنت مولانا فانصرنا على القوم الكافرين,قال رسول الله صلى الله عليه وسلم لا صلاة لمن لا وضوء له ولا وضوء لمن لم يذكر اسم الله تعالى عليه,1
فإن تابوا وأقاموا الصلاة وآتوا الزكاة فإخوانكم في الدين ونفصل الآيات لقوم يعلمون,أن رسول الله صلى الله عليه وسلم قال ألا كلكم راع وكلكم مسئول عن رعيته فالأمير الذي على الناس راع عليهم وهو مسئول عنهم والرجل راع على أهل بيته وهو مسئول عنهم والمرأة راعية على بيت بعلها وولده وهي مسئولة عنهم والعبد راع على مال سيده وهو مسئول عنه فكلكم راع وكلكم مسئول عن رعيته,0
كل نفس ذائقة الموت ونبلوكم بالشر والخير فتنة وإلينا ترجعون,كان رسول الله صلى الله عليه وسلم يسكت بين التكبير وبين القراءة إسكاتة قال أحسبه قال هنية فقلت بأبي وأمي يا رسول الله صلى الله عليه وسلم إسكاتك بين التكبير والقراءة ما تقول قال أقول اللهم باعد بيني وبين خطاياى كما باعدت بين المشرق والمغرب اللهم نقني من الخطايا كما ينقى الثوب الأبيض من الدنس اللهم اغسل خطاياى بالماء والثلج والبرد,0
واعلموا أنما غنمتم من شيء فأن لله خمسه وللرسول ولذي القربى واليتامى والمساكين وابن السبيل إن كنتم آمنتم بالله وما أنزلنا على عبدنا يوم الفرقان يوم التقى الجمعان والله على كل شيء قدير,أن رسول الله صلى الله عليه وسلم قال ما أعطيكم ولا أمنعكم أنا قاسم أضع حيث أمرت,1
من أجل ذلك كتبنا على بني إسرائيل أنه من قتل نفسا بغير نفس أو فساد في الأرض فكأنما قتل الناس جميعا ومن أحياها فكأنما أحيا الناس جميعا ولقد جاءتهم رسلنا بالبينات ثم إن كثيرا منهم بعد ذلك في الأرض لمسرفون,عن النبي صلى الله عليه وسلم قال أكبر الكبائر الإشراك بالله وقتل النفس وعقوق الوالدين وقول الزور أو قال وشهادة الزور,1
واعلموا أنما غنمتم من شيء فأن لله خمسه وللرسول ولذي القربى واليتامى والمساكين وابن السبيل إن كنتم آمنتم بالله وما أنزلنا على عبدنا يوم الفرقان يوم التقى الجمعان والله على كل شيء قدير,النبي صلى الله عليه وسلم يقول إن رجالا يتخوضون في مال الله بغير حق فلهم النار يوم القيامة,1
لا يمسه إلا المطهرون,عن رسول الله صلى الله عليه وسلم أنه قال والذي نفس محمد بيده لا يسمع بي أحد من هذه الأمة يهودي ولا نصراني ثم يموت ولم يؤمن بالذي أرسلت به إلا كان من أصحاب النار,0
وأيوب إذ نادى ربه أني مسني الضر وأنت أرحم الراحمين,النبي صلى الله عليه وسلم قال بينما أيوب يغتسل عريانا خر عليه رجل جراد من ذهب فجعل يحثي في ثوبه فنادى ربه يا أيوب ألم أكن أغنيتك عما ترى قال بلى يا رب ولكن لا غنى لي عن بركتك,1
لقد كان لكم في رسول الله أسوة حسنة لمن كان يرجو الله واليوم الآخر وذكر الله كثيرا,أتينا إلى النبي صلى الله عليه وسلم ونحن شببة متقاربون فأقمنا عنده عشرين يوما وليلة وكان رسول الله صلى الله عليه وسلم رحيما رفيقا فلما ظن أنا قد اشتهينا أهلنا أو قد اشتقنا سألنا عمن تركنا بعدنا فأخبرناه قال ارجعوا إلى أهليكم فأقيموا فيهم وعلموهم ومروهم وذكر أشياء أحفظها أو لا أحفظها وصلوا كما رأيتموني أصلي فإذا حضرت الصلاة فليؤذن لكم أحدكم وليؤمكم أكبركم,1
ولمن انتصر بعد ظلمه فأولئك ما عليهم من سبيل,سمعت النبي صلى الله عليه وسلم يقول لا تطروني كما أطرت النصارى ابن مريم فإنما أنا عبده فقولوا عبد الله ورسوله,0
يا أيها الذين آمنوا إنما الخمر والميسر والأنصاب والأزلام رجس من عمل الشيطان فاجتنبوه لعلكم تفلحون,أن رسول الله صلى الله عليه وسلم أتي ليلة أسري به بإيلياء بقدحين من خمر ولبن فنظر إليهما ثم أخذ اللبن فقال جبريل الحمد لله الذي هداك للفطرة ولو أخذت الخمر غوت أمتك,1
ما ضل صاحبكم وما غوى,لعن رسول الله صلى الله عليه وسلم آكل الربا وموكله وكاتبه وشاهديه وقال هم سواء,0
ملك الناس,عن النبي صلى الله عليه وسلم قال يقبض الله الأرض يوم القيامة ويطوي السماء بيمينه ثم يقول أنا الملك أين ملوك الأرض,1
يا أيها الناس كلوا مما في الأرض حلالا طيبا ولا تتبعوا خطوات الشيطان إنه لكم عدو مبين,قال النبي صلى الله عليه وسلم يقول الله تعالى أنا عند ظن عبدي بي وأنا معه إذا ذكرني فإن ذكرني في نفسه ذكرته في نفسي وإن ذكرني في ملأ ذكرته في ملأ خير منهم وإن تقرب إلى بشبر تقربت إليه ذراعا وإن تقرب إلى ذراعا تقربت إليه باعا وإن أتاني يمشي أتيته هرولة,0
يريدون أن يخرجوا من النار وما هم بخارجين منها ولهم عذاب مقيم,أن رسول الله صلى الله عليه وسلم قال أقرب ما يكون العبد من ربه وهو ساجد فأكثروا الدعاء,0
وآتوا النساء صدقاتهن نحلة فإن طبن لكم عن شيء منه نفسا فكلوه هنيئا مريئا,أن عبد الرحمن بن عوف تزوج امرأة على وزن نواة فرأى النبي صلى الله عليه وسلم بشاشة العرس فسأله فقال إني تزوجت امرأة على وزن نواة,1
ومن شر حاسد إذا حسد,قال رسول الله صلى الله عليه وسلم إن الميت ليعذب ببكاء أهله عليه فذكر ذلك لعائشة فقالت وهل تعني ابن عمر إنما مر النبي صلى الله عليه وسلم على قبر فقال إن صاحب هذا ليعذب وأهله يبكون عليه ثم قرأت ولا تزر وازرة وزر أخرى قال عن أبي معاوية على قبر يهودي,0
فأعقبهم نفاقا في قلوبهم إلى يوم يلقونه بما أخلفوا الله ما وعدوه وبما كانوا يكذبون,عن رسول الله صلى الله عليه وسلم قال ما نقصت صدقة من مال وما زاد الله عبدا بعفو إلا عزا وما تواضع أحد لله إلا رفعه الله,0
والمطلقات يتربصن بأنفسهن ثلاثة قروء ولا يحل لهن أن يكتمن ما خلق الله في أرحامهن إن كن يؤمن بالله واليوم الآخر وبعولتهن أحق بردهن في ذلك إن أرادوا إصلاحا ولهن مثل الذي عليهن بالمعروف وللرجال عليهن درجة والله عزيز حكيم,طلق امرأة له وهى حائض تطليقة واحدة فأمره رسول الله صلى الله عليه وسلم أن يراجعها ثم يمسكها حتى تطهر ثم تحيض عنده حيضة أخرى ثم يمهلها حتى تطهر من حيضها فإن أراد أن يطلقها فليطلقها حين تطهر من قبل أن يجامعها فتلك العدة التي أمر الله أن تطلق لها النساء وكان عبد الله إذا سئل عن ذلك قال لأحدهم إن كنت طلقتها ثلاثا فقد حرمت عليك حتى تنكح زوجا غيره,1
ونزعنا ما في صدورهم من غل تجري من تحتهم الأنهار وقالوا الحمد لله الذي هدانا لهذا وما كنا لنهتدي لولا أن هدانا الله لقد جاءت رسل ربنا بالحق ونودوا أن تلكم الجنة أورثتموها بما كنتم تعملون,رأيت النبي صلى الله عليه وسلم يوم الخندق ينقل معنا التراب وهو يقول والله لولا الله ما اهتدينا ولا صمنا ولا صلينا فأنزلن سكينة علينا وثبت الأقدام إن لاقينا والمشركون قد بغوا علينا إذا أرادوا فتنة أبينا,1
قل يا أهل الكتاب تعالوا إلى كلمة سواء بيننا وبينكم ألا نعبد إلا الله ولا نشرك به شيئا ولا يتخذ بعضنا بعضا أربابا من دون الله فإن تولوا فقولوا اشهدوا بأنا مسلمون,كان بي الناصور فسألت النبي صلى الله عليه وسلم فقال صل قائما فإن لم تستطع فقاعدا فإن لم تستطع فعلى جنب,0
قال لا تخافا إنني معكما أسمع وأرى,قال رسول الله صلى الله عليه وسلم حد الساحر ضربة بالسيف,0
لا يسأل عما يفعل وهم يسألون,قال رسول الله صلى الله عليه وسلم ألا أنبئكم بأكبر الكبائر قلنا بلى يا رسول الله صلى الله عليه وسلم قال الإشراك بالله وعقوق الوالدين وكان متكئا فجلس فقال ألا وقول الزور وشهادة الزور ألا وقول الزور وشهادة الزور فما زال يقولها حتى قلت لا يسكت,0
يا أيها الذين آمنوا لا تأكلوا الربا أضعافا مضاعفة واتقوا الله لعلكم تفلحون,النبي صلى الله عليه وسلم قال ليأتين على الناس زمان لا يبالي المرء بما أخذ المال أمن حلال أم من حرام,1
وما كان لمؤمن أن يقتل مؤمنا إلا خطأ ومن قتل مؤمنا خطأ فتحرير رقبة مؤمنة ودية مسلمة إلى أهله إلا أن يصدقوا فإن كان من قوم عدو لكم وهو مؤمن فتحرير رقبة مؤمنة وإن كان من قوم بينكم وبينهم ميثاق فدية مسلمة إلى أهله وتحرير رقبة مؤمنة فمن لم يجد فصيام شهرين متتابعين توبة من الله وكان الله عليما حكيما,النبي صلى الله عليه وسلم قال من أعتق رقبة مسلمة أعتق الله بكل عضو منه عضوا من النار حتى فرجه بفرجه,1
وأوفوا بعهد الله إذا عاهدتم ولا تنقضوا الأيمان بعد توكيدها وقد جعلتم الله عليكم كفيلا إن الله يعلم ما تفعلون,قال رسول الله صلى الله عليه وسلم من نذر أن يطيع الله فليطعه ومن نذر أن يعصي الله فلا يعصه,1
يا أيها الذين آمنوا لا تأكلوا أموالكم بينكم بالباطل إلا أن تكون تجارة عن تراض منكم ولا تقتلوا أنفسكم إن الله كان بكم رحيما,أن رجلا سأل رسول الله صلى الله عليه وسلم عن صلاة الليل فقال رسول الله صلى الله عليه وسلم صلاة الليل مثنى مثنى فإذا خشي أحدكم الصبح صلى ركعة واحدة توتر له ما قد صلى,0
هو الله الذي لا إله إلا هو الملك القدوس السلام المؤمن المهيمن العزيز الجبار المتكبر سبحان الله عما يشركون,سمعت رسول الله صلى الله عليه وسلم يقول من سره أن ينجيه الله من كرب يوم القيامة فلينفس عن معسر أو يضع عنه,0
ذلك بأن الله هو الحق وأن ما يدعون من دونه هو الباطل وأن الله هو العلي الكبير,قال رسول الله صلى الله عليه وسلم إذا تشهد أحدكم فليستعذ بالله من أربع يقول اللهم إني أعوذ بك من عذاب جهنم ومن عذاب القبر ومن فتنة المحيا والممات ومن شر فتنة المسيح الدجال,0
يا أيها الذين آمنوا لا تحلوا شعائر الله ولا الشهر الحرام ولا الهدي ولا القلائد ولا آمين البيت الحرام يبتغون فضلا من ربهم ورضوانا وإذا حللتم فاصطادوا ولا يجرمنكم شنآن قوم أن صدوكم عن المسجد الحرام أن تعتدوا وتعاونوا على البر والتقوى ولا تعاونوا على الإثم والعدوان واتقوا الله إن الله شديد العقاب,عن النبي صلى الله عليه وسلم قال المسلم أخو المسلم لا يظلمه ولا يسلمه من كان في حاجة أخيه فإن الله في حاجته ومن فرج عن مسلم كربة فرج الله عنه بها كربة من كرب يوم القيامة ومن ستر مسلما ستره الله يوم القيامة,1
ومن يقتل مؤمنا متعمدا فجزاؤه جهنم خالدا فيها وغضب الله عليه ولعنه وأعد له عذابا عظيما,إن من ورطات الأمور التي لا مخرج لمن أوقع نفسه فيها سفك الدم الحرام بغير حله,1
والذين يصلون ما أمر الله به أن يوصل ويخشون ربهم ويخافون سوء الحساب,أن رسول الله صلى الله عليه وسلم قال من أحب أن يبسط له في رزقه وينسأ له في أثره فليصل رحمه,1
ويوم تقوم الساعة يقسم المجرمون ما لبثوا غير ساعة  كذلك كانوا يؤفكون,قال صلى الله عليه وسلم لا تزول قدما عبد يوم القيامة حتى يسأل عن عمره فيما أفناه وعن علمه ما فعل به وعن ماله من أين اكتسبه وفيما أنفقه وعن جسمه فيما أبلاه,1
واتخذ قوم موسى من بعده من حليهم عجلا جسدا له خوار ألم يروا أنه لا يكلمهم ولا يهديهم سبيلا اتخذوه وكانوا ظالمين,مثل المؤمنين في توادهم وتراحمهم وتعاطفهم مثل الجسد إذا اشتكى منه عضو تداعى له سائر الجسد بالسهر والحمى,0